Year,Country,CO2
2010,Afghanistan,8.3648
2011,Afghanistan,11.4096
2012,Afghanistan,9.7312
2013,Afghanistan,8.8914
2014,Afghanistan,8.6977
2015,Afghanistan,9.3844
2016,Afghanistan,8.6059
2017,Afghanistan,9.3111
2018,Afghanistan,10.1915
2019,Afghanistan,10.4001
2020,Afghanistan,11.1186
2021,Afghanistan,9.8688
2022,Afghanistan,10.1699
2023,Afghanistan,10.5163
2024,Afghanistan,10.826
2010,Albania,4.8168
2011,Albania,5.1754
2012,Albania,4.93
2013,Albania,5.3461
2014,Albania,6.0725
2015,Albania,4.7121
2016,Albania,4.555
2017,Albania,5.3438
2018,Albania,5.1949
2019,Albania,4.9405
2020,Albania,4.865
2021,Albania,5.137
2022,Albania,4.4983
2023,Albania,4.4173
2024,Albania,4.4444
2010,Algeria,117.8474
2011,Algeria,124.7152
2012,Algeria,135.5935
2013,Algeria,141.5343
2014,Algeria,152.4347
2015,Algeria,160.3216
2016,Algeria,158.3083
2017,Algeria,165.2516
2018,Algeria,174.4612
2019,Algeria,182.425
2020,Algeria,171.1385
2021,Algeria,182.0358
2022,Algeria,192.7786
2023,Algeria,202.8466
2024,Algeria,198.2032
2010,Andorra,0.51662
2011,Andorra,0.49098
2012,Andorra,0.48731
2013,Andorra,0.47632
2014,Andorra,0.46166
2015,Andorra,0.46533
2016,Andorra,0.47266
2017,Andorra,0.47266
2018,Andorra,0.4983
2019,Andorra,0.49098
2020,Andorra,0.37739
2021,Andorra,0.41403
2022,Andorra,0.42341
2023,Andorra,0.4181
2024,Andorra,0.42466
2010,Angola,22.9833
2011,Angola,23.397
2012,Angola,25.941
2013,Angola,25.7097
2014,Angola,26.0921
2015,Angola,27.5052
2016,Angola,25.4656
2017,Angola,23.601
2018,Angola,23.278
2019,Angola,22.2101
2020,Angola,16.5493
2021,Angola,19.2186
2022,Angola,21.089
2023,Angola,21.6748
2024,Angola,22.3336
2010,Anguilla,0.12824
2011,Anguilla,0.12458
2012,Anguilla,0.12091
2013,Anguilla,0.11358
2014,Anguilla,0.12091
2015,Anguilla,0.13557
2016,Anguilla,0.13923
2017,Anguilla,0.12824
2018,Anguilla,0.1319
2019,Anguilla,0.1429
2020,Anguilla,0.13557
2021,Anguilla,0.13923
2022,Anguilla,0.1429
2023,Anguilla,0.14261
2024,Anguilla,0.14809
2010,Antigua and Barbuda,0.5496
2011,Antigua and Barbuda,0.54594
2012,Antigua and Barbuda,0.55693
2013,Antigua and Barbuda,0.55693
2014,Antigua and Barbuda,0.56792
2015,Antigua and Barbuda,0.57891
2016,Antigua and Barbuda,0.59357
2017,Antigua and Barbuda,0.6009
2018,Antigua and Barbuda,0.61555
2019,Antigua and Barbuda,0.63754
2020,Antigua and Barbuda,0.61555
2021,Antigua and Barbuda,0.63387
2022,Antigua and Barbuda,0.64183
2023,Antigua and Barbuda,0.64053
2024,Antigua and Barbuda,0.66514
2010,Argentina,186.1213
2011,Argentina,189.8838
2012,Argentina,191.7146
2013,Argentina,189.5248
2014,Argentina,188.5392
2015,Argentina,191.8088
2016,Argentina,190.0205
2017,Argentina,187.068
2018,Argentina,182.4835
2019,Argentina,180.4277
2020,Argentina,164.6127
2021,Argentina,190.1969
2022,Argentina,183.7681
2023,Argentina,178.407
2024,Argentina,171.0593
2010,Armenia,4.2564
2011,Armenia,4.9689
2012,Armenia,5.7483
2013,Armenia,5.5351
2014,Armenia,5.6041
2015,Armenia,5.4692
2016,Armenia,5.2067
2017,Armenia,5.5366
2018,Armenia,5.8221
2019,Armenia,6.2841
2020,Armenia,6.7952
2021,Armenia,7.3507
2022,Armenia,7.6988
2023,Armenia,7.4302
2024,Armenia,7.4307
2010,Aruba,2.5062
2011,Aruba,2.4952
2012,Aruba,1.3447
2013,Aruba,0.86104
2014,Aruba,0.87203
2015,Aruba,0.89768
2016,Aruba,0.88302
2017,Aruba,0.89035
2018,Aruba,0.86837
2019,Aruba,0.83173
2020,Aruba,0.82074
2021,Aruba,0.86104
2022,Aruba,0.88838
2023,Aruba,0.88658
2024,Aruba,0.92064
2010,Australia,405.0259
2011,Australia,403.8744
2012,Australia,405.0051
2013,Australia,397.8499
2014,Australia,392.6096
2015,Australia,400.5892
2016,Australia,409.6664
2017,Australia,413.4078
2018,Australia,414.7806
2019,Australia,414.9253
2020,Australia,398.5469
2021,Australia,388.4723
2022,Australia,384.0784
2023,Australia,384.3161
2024,Australia,386.7324
2010,Austria,72.0003
2011,Austria,69.8917
2012,Austria,67.2603
2013,Austria,67.7589
2014,Austria,64.1587
2015,Austria,66.3578
2016,Austria,67.2187
2017,Austria,69.6015
2018,Austria,66.5665
2019,Austria,67.9512
2020,Austria,62.1798
2021,Austria,65.7513
2022,Austria,61.4541
2023,Austria,56.909
2024,Austria,56.3677
2010,Azerbaijan,27.5491
2011,Azerbaijan,30.2102
2012,Azerbaijan,32.7701
2013,Azerbaijan,33.5589
2014,Azerbaijan,34.3448
2015,Azerbaijan,34.6833
2016,Azerbaijan,34.727
2017,Azerbaijan,34.6983
2018,Azerbaijan,34.5762
2019,Azerbaijan,37.7526
2020,Azerbaijan,36.2372
2021,Azerbaijan,38.2996
2022,Azerbaijan,41.1746
2023,Azerbaijan,42.7482
2024,Azerbaijan,39.8301
2010,Bahamas,2.2314
2011,Bahamas,2.1105
2012,Bahamas,2.0482
2013,Bahamas,1.9932
2014,Bahamas,2.0628
2015,Bahamas,2.2314
2016,Bahamas,2.246
2017,Bahamas,2.5208
2018,Bahamas,2.4549
2019,Bahamas,2.5208
2020,Bahamas,2.0518
2021,Bahamas,2.726
2022,Bahamas,2.962
2023,Bahamas,2.9561
2024,Bahamas,3.0697
2010,Bahrain,29.1425
2011,Bahrain,28.5441
2012,Bahrain,27.2025
2013,Bahrain,31.2283
2014,Bahrain,30.9707
2015,Bahrain,32.5206
2016,Bahrain,31.6354
2017,Bahrain,32.9166
2018,Bahrain,32.6985
2019,Bahrain,37.6161
2020,Bahrain,37.4293
2021,Bahrain,36.2651
2022,Bahrain,37.8268
2023,Bahrain,38.7867
2024,Bahrain,39.0035
2010,Bangladesh,54.0355
2011,Bangladesh,55.5927
2012,Bangladesh,59.7039
2013,Bangladesh,64.7628
2014,Bangladesh,67.5519
2015,Bangladesh,76.9461
2016,Bangladesh,81.7612
2017,Bangladesh,86.5309
2018,Bangladesh,86.6081
2019,Bangladesh,94.8077
2020,Bangladesh,95.7291
2021,Bangladesh,98.5303
2022,Bangladesh,102.1474
2023,Bangladesh,104.5267
2024,Bangladesh,108.3179
2010,Barbados,1.5666
2011,Barbados,1.6262
2012,Barbados,1.5542
2013,Barbados,1.5398
2014,Barbados,1.3676
2015,Barbados,1.3346
2016,Barbados,1.3715
2017,Barbados,1.3992
2018,Barbados,1.4469
2019,Barbados,1.3919
2020,Barbados,1.2555
2021,Barbados,1.1901
2022,Barbados,1.315
2023,Barbados,1.3167
2024,Barbados,1.3652
2010,Belarus,62.5154
2011,Belarus,61.3532
2012,Belarus,62.5917
2013,Belarus,64.1519
2014,Belarus,63.6992
2015,Belarus,58.8278
2016,Belarus,58.1881
2017,Belarus,59.4444
2018,Belarus,62.1707
2019,Belarus,62.1706
2020,Belarus,59.1229
2021,Belarus,60.8611
2022,Belarus,57.1205
2023,Belarus,55.7361
2024,Belarus,55.8184
2010,Belgium,114.5627
2011,Belgium,105.159
2012,Belgium,102.4862
2013,Belgium,102.816
2014,Belgium,97.081
2015,Belgium,101.3275
2016,Belgium,99.8163
2017,Belgium,99.2822
2018,Belgium,100.2564
2019,Belgium,99.7987
2020,Belgium,91.2546
2021,Belgium,94.9281
2022,Belgium,88.915
2023,Belgium,84.7034
2024,Belgium,85.4562
2010,Belize,0.53861
2011,Belize,0.57158
2012,Belize,0.47266
2013,Belize,0.47266
2014,Belize,0.50197
2015,Belize,0.68517
2016,Belize,0.67418
2017,Belize,0.66685
2018,Belize,0.65954
2019,Belize,0.76944
2020,Belize,0.65364
2021,Belize,0.69363
2022,Belize,0.72376
2023,Belize,0.76645
2024,Belize,0.79603
2010,Benin,4.6794
2011,Benin,4.4797
2012,Benin,4.4025
2013,Benin,4.566
2014,Benin,4.774
2015,Benin,5.3182
2016,Benin,5.3105
2017,Benin,5.555
2018,Benin,5.6684
2019,Benin,5.2726
2020,Benin,5.5409
2021,Benin,5.8058
2022,Benin,6.0923
2023,Benin,5.9278
2024,Benin,6.0663
2010,Bermuda,0.60456
2011,Bermuda,0.44334
2012,Bermuda,0.3664
2013,Bermuda,0.53494
2014,Bermuda,0.66685
2015,Bermuda,0.54227
2016,Bermuda,0.61555
2017,Bermuda,0.6412
2018,Bermuda,0.69616
2019,Bermuda,0.59357
2020,Bermuda,0.43602
2021,Bermuda,0.51662
2022,Bermuda,0.53073
2023,Bermuda,0.52965
2024,Bermuda,0.55
2010,Bhutan,0.90546
2011,Bhutan,1.0068
2012,Bhutan,1.15
2013,Bhutan,1.269
2014,Bhutan,1.3323
2015,Bhutan,1.4339
2016,Bhutan,1.5603
2017,Bhutan,1.6493
2018,Bhutan,1.6819
2019,Bhutan,1.5649
2020,Bhutan,1.2137
2021,Bhutan,1.4547
2022,Bhutan,1.5496
2023,Bhutan,1.6296
2024,Bhutan,1.6574
2010,Bolivia,14.8086
2011,Bolivia,16.0512
2012,Bolivia,17.5747
2013,Bolivia,17.7777
2014,Bolivia,19.9003
2015,Bolivia,19.8997
2016,Bolivia,21.2496
2017,Bolivia,22.1816
2018,Bolivia,22.5089
2019,Bolivia,22.6093
2020,Bolivia,18.3202
2021,Bolivia,21.7666
2022,Bolivia,23.4882
2023,Bolivia,24.6205
2024,Bolivia,28.7087
2010,"Bonaire, Saint Eustatius and Saba",0.075223
2011,"Bonaire, Saint Eustatius and Saba",0.095963
2012,"Bonaire, Saint Eustatius and Saba",0.11725
2013,"Bonaire, Saint Eustatius and Saba",0.11358
2014,"Bonaire, Saint Eustatius and Saba",0.11725
2015,"Bonaire, Saint Eustatius and Saba",0.12824
2016,"Bonaire, Saint Eustatius and Saba",0.1319
2017,"Bonaire, Saint Eustatius and Saba",0.13923
2018,"Bonaire, Saint Eustatius and Saba",0.1319
2019,"Bonaire, Saint Eustatius and Saba",0.13923
2020,"Bonaire, Saint Eustatius and Saba",0.1319
2021,"Bonaire, Saint Eustatius and Saba",0.13923
2022,"Bonaire, Saint Eustatius and Saba",0.14656
2023,"Bonaire, Saint Eustatius and Saba",0.14626
2024,"Bonaire, Saint Eustatius and Saba",0.15188
2010,Bosnia and Herzegovina,21.1457
2011,Bosnia and Herzegovina,23.7649
2012,Bosnia and Herzegovina,22.1378
2013,Bosnia and Herzegovina,21.8011
2014,Bosnia and Herzegovina,19.3118
2015,Bosnia and Herzegovina,18.4605
2016,Bosnia and Herzegovina,21.7341
2017,Bosnia and Herzegovina,22.1525
2018,Bosnia and Herzegovina,22.0787
2019,Bosnia and Herzegovina,20.8104
2020,Bosnia and Herzegovina,20.8318
2021,Bosnia and Herzegovina,21.2677
2022,Bosnia and Herzegovina,20.7428
2023,Bosnia and Herzegovina,19.8813
2024,Bosnia and Herzegovina,19.4259
2010,Botswana,4.5373
2011,Botswana,4.0288
2012,Botswana,5.0767
2013,Botswana,5.6631
2014,Botswana,6.8502
2015,Botswana,5.4175
2016,Botswana,6.3409
2017,Botswana,7.0663
2018,Botswana,7.6435
2019,Botswana,7.4856
2020,Botswana,6.1922
2021,Botswana,6.6831
2022,Botswana,7.3958
2023,Botswana,7.2487
2024,Botswana,7.4616
2010,Brazil,440.269
2011,Brazil,461.9113
2012,Brazil,497.4682
2013,Brazil,531.5688
2014,Brazil,556.5255
2015,Brazil,528.1735
2016,Brazil,491.7448
2017,Brazil,497.2545
2018,Brazil,476.6005
2019,Brazil,476.7237
2020,Brazil,447.9994
2021,Brazil,496.562
2022,Brazil,480.0583
2023,Brazil,483.9919
2024,Brazil,483.0116
2010,British Virgin Islands,0.21251
2011,British Virgin Islands,0.20885
2012,British Virgin Islands,0.20885
2013,British Virgin Islands,0.21251
2014,British Virgin Islands,0.21618
2015,British Virgin Islands,0.2235
2016,British Virgin Islands,0.22717
2017,British Virgin Islands,0.17954
2018,British Virgin Islands,0.15755
2019,British Virgin Islands,0.1832
2020,British Virgin Islands,0.17954
2021,British Virgin Islands,0.1832
2022,British Virgin Islands,0.18576
2023,British Virgin Islands,0.18539
2024,British Virgin Islands,0.19251
2010,Brunei Darussalam,8.0174
2011,Brunei Darussalam,9.5554
2012,Brunei Darussalam,9.4998
2013,Brunei Darussalam,7.6261
2014,Brunei Darussalam,8.831
2015,Brunei Darussalam,6.9333
2016,Brunei Darussalam,7.6329
2017,Brunei Darussalam,9.3094
2018,Brunei Darussalam,9.3411
2019,Brunei Darussalam,9.5642
2020,Brunei Darussalam,11.1571
2021,Brunei Darussalam,11.7088
2022,Brunei Darussalam,12.237
2023,Brunei Darussalam,12.5027
2024,Brunei Darussalam,12.0525
2010,Bulgaria,47.8157
2011,Bulgaria,53.1205
2012,Bulgaria,48.2766
2013,Bulgaria,42.583
2014,Bulgaria,45.1691
2015,Bulgaria,48.1271
2016,Bulgaria,45.3437
2017,Bulgaria,47.4458
2018,Bulgaria,43.5033
2019,Bulgaria,42.195
2020,Bulgaria,36.571
2021,Bulgaria,42.365
2022,Bulgaria,46.9318
2023,Bulgaria,34.5009
2024,Bulgaria,31.6218
2010,Burkina Faso,1.9851
2011,Burkina Faso,2.1493
2012,Burkina Faso,2.6116
2013,Burkina Faso,2.8089
2014,Burkina Faso,2.8675
2015,Burkina Faso,3.7438
2016,Burkina Faso,3.9876
2017,Burkina Faso,4.6216
2018,Burkina Faso,5.2262
2019,Burkina Faso,5.618
2020,Burkina Faso,5.6181
2021,Burkina Faso,6.3287
2022,Burkina Faso,6.5422
2023,Burkina Faso,6.3084
2024,Burkina Faso,6.5077
2010,Burundi,0.33342
2011,Burundi,0.41403
2012,Burundi,0.39205
2013,Burundi,0.43602
2014,Burundi,0.35513
2015,Burundi,0.35541
2016,Burundi,0.42869
2017,Burundi,0.5165
2018,Burundi,0.6451
2019,Burundi,0.68517
2020,Burundi,0.73943
2021,Burundi,0.77168
2022,Burundi,0.87752
2023,Burundi,0.90072
2024,Burundi,0.91666
2010,Cambodia,5.0674
2011,Cambodia,5.271
2012,Cambodia,5.5724
2013,Cambodia,5.6257
2014,Cambodia,6.7023
2015,Cambodia,8.1861
2016,Cambodia,10.6435
2017,Cambodia,12.0871
2018,Cambodia,13.9375
2019,Cambodia,18.6263
2020,Cambodia,20.9908
2021,Cambodia,20.7754
2022,Cambodia,20.8651
2023,Cambodia,21.4115
2024,Cambodia,21.8827
2010,Cameroon,8.3833
2011,Cameroon,8.1053
2012,Cameroon,7.607
2013,Cameroon,7.8532
2014,Cameroon,8.7752
2015,Cameroon,9.85
2016,Cameroon,9.9649
2017,Cameroon,9.5817
2018,Cameroon,9.8439
2019,Cameroon,9.6053
2020,Cameroon,9.7163
2021,Cameroon,9.7335
2022,Cameroon,9.7924
2023,Cameroon,9.6949
2024,Cameroon,9.6316
2010,Canada,554.3074
2011,Canada,562.8324
2012,Canada,561.7695
2013,Canada,568.5897
2014,Canada,564.9382
2015,Canada,563.0026
2016,Canada,553.707
2017,Canada,566.6603
2018,Canada,575.0908
2019,Canada,579.007
2020,Canada,524.2079
2021,Canada,537.4787
2022,Canada,547.6577
2023,Canada,545.4785
2024,Canada,533.3401
2010,Cape Verde,0.55693
2011,Cape Verde,0.61555
2012,Cape Verde,0.50197
2013,Cape Verde,0.49464
2014,Cape Verde,0.49098
2015,Cape Verde,0.49464
2016,Cape Verde,0.53128
2017,Cape Verde,0.57158
2018,Cape Verde,0.57158
2019,Cape Verde,0.63021
2020,Cape Verde,0.52029
2021,Cape Verde,0.5899
2022,Cape Verde,0.59765
2023,Cape Verde,0.57149
2024,Cape Verde,0.59379
2010,Central African Republic,0.16854
2011,Central African Republic,0.15389
2012,Central African Republic,0.1832
2013,Central African Republic,0.10259
2014,Central African Republic,0.1319
2015,Central African Republic,0.19419
2016,Central African Republic,0.23816
2017,Central African Republic,0.28579
2018,Central African Republic,0.27114
2019,Central African Republic,0.31144
2020,Central African Republic,0.33342
2021,Central African Republic,0.3664
2022,Central African Republic,0.37739
2023,Central African Republic,0.38928
2024,Central African Republic,0.39468
2010,Chad,1.236
2011,Chad,1.2766
2012,Chad,1.7466
2013,Chad,2.0822
2014,Chad,2.1828
2015,Chad,2.3519
2016,Chad,2.3816
2017,Chad,2.3408
2018,Chad,2.3835
2019,Chad,2.2998
2020,Chad,2.3564
2021,Chad,2.6701
2022,Chad,2.8004
2023,Chad,2.8484
2024,Chad,2.8314
2010,Chile,71.3475
2011,Chile,78.0714
2012,Chile,79.6209
2013,Chile,81.7333
2014,Chile,77.5862
2015,Chile,81.7785
2016,Chile,84.2505
2017,Chile,84.1346
2018,Chile,84.4426
2019,Chile,91.9771
2020,Chile,80.1782
2021,Chile,83.6303
2022,Chile,85.7438
2023,Chile,77.6042
2024,Chile,78.7255
2010,China,8610.048
2011,China,9520.1531
2012,China,9767.3109
2013,China,9942.371
2014,China,9976.0278
2015,China,9858.0404
2016,China,9748.1748
2017,China,10000.0136
2018,China,10346.7902
2019,China,10713.5145
2020,China,10896.5204
2021,China,11284.4011
2022,China,11711.8074
2023,China,12172.009
2024,China,12289.0368
2010,Colombia,75.4312
2011,Colombia,75.1914
2012,Colombia,78.6748
2013,Colombia,86.4451
2014,Colombia,92.0417
2015,Colombia,91.0266
2016,Colombia,91.5829
2017,Colombia,83.4588
2018,Colombia,90.8107
2019,Colombia,98.9619
2020,Colombia,92.3052
2021,Colombia,103.7335
2022,Colombia,89.4369
2023,Colombia,89.9923
2024,Colombia,92.6594
2010,Comoros,0.16122
2011,Comoros,0.1429
2012,Comoros,0.15389
2013,Comoros,0.1832
2014,Comoros,0.16488
2015,Comoros,0.17954
2016,Comoros,0.20518
2017,Comoros,0.26381
2018,Comoros,0.28579
2019,Comoros,0.31144
2020,Comoros,0.37006
2021,Comoros,0.4983
2022,Comoros,0.53167
2023,Comoros,0.54213
2024,Comoros,0.55165
2010,Congo,5.4999
2011,Congo,5.0464
2012,Congo,5.018
2013,Congo,5.8904
2014,Congo,5.4711
2015,Congo,5.6367
2016,Congo,5.7272
2017,Congo,5.6509
2018,Congo,6.5447
2019,Congo,7.2936
2020,Congo,7.6773
2021,Congo,7.3929
2022,Congo,8.7275
2023,Congo,8.2743
2024,Congo,8.8398
2010,Cook Islands,0.069616
2011,Cook Islands,0.076944
2012,Cook Islands,0.080608
2013,Cook Islands,0.080608
2014,Cook Islands,0.080608
2015,Cook Islands,0.076944
2016,Cook Islands,0.076944
2017,Cook Islands,0.076944
2018,Cook Islands,0.076944
2019,Cook Islands,0.080608
2020,Cook Islands,0.065952
2021,Cook Islands,0.07328
2022,Cook Islands,0.076944
2023,Cook Islands,0.076581
2024,Cook Islands,0.080083
2010,Costa Rica,7.4612
2011,Costa Rica,7.2764
2012,Costa Rica,7.2168
2013,Costa Rica,7.5835
2014,Costa Rica,7.7019
2015,Costa Rica,7.3528
2016,Costa Rica,7.8289
2017,Costa Rica,7.9868
2018,Costa Rica,7.967
2019,Costa Rica,7.6604
2020,Costa Rica,6.7541
2021,Costa Rica,7.6654
2022,Costa Rica,8.0101
2023,Costa Rica,8.4725
2024,Costa Rica,8.7605
2010,Croatia,20.9781
2011,Croatia,20.6147
2012,Croatia,19.05
2013,Croatia,18.4013
2014,Croatia,17.6499
2015,Croatia,17.7939
2016,Croatia,18.0793
2017,Croatia,18.7131
2018,Croatia,17.6945
2019,Croatia,17.8204
2020,Croatia,16.8701
2021,Croatia,17.403
2022,Croatia,17.5852
2023,Croatia,18.4676
2024,Croatia,18.4648
2010,Cuba,33.042
2011,Cuba,29.0758
2012,Cuba,29.4758
2013,Cuba,27.894
2014,Cuba,27.3664
2015,Cuba,29.0912
2016,Cuba,27.7722
2017,Cuba,24.5592
2018,Cuba,23.0195
2019,Cuba,22.4869
2020,Cuba,21.2808
2021,Cuba,22.5489
2022,Cuba,23.2585
2023,Cuba,23.4703
2024,Cuba,24.4402
2010,Curaçao,4.0338
2011,Curaçao,5.146
2012,Curaçao,6.2874
2013,Curaçao,5.932
2014,Curaçao,6.7967
2015,Curaçao,7.3317
2016,Curaçao,6.2032
2017,Curaçao,4.9684
2018,Curaçao,4.3235
2019,Curaçao,2.3963
2020,Curaçao,2.0079
2021,Curaçao,2.1398
2022,Curaçao,2.2094
2023,Curaçao,2.2049
2024,Curaçao,2.2896
2010,Cyprus,8.0718
2011,Cyprus,7.7924
2012,Cyprus,7.2617
2013,Cyprus,6.5782
2014,Cyprus,6.9298
2015,Cyprus,6.9525
2016,Cyprus,7.3499
2017,Cyprus,7.4693
2018,Cyprus,7.3242
2019,Cyprus,7.3245
2020,Cyprus,6.9032
2021,Cyprus,6.9508
2022,Cyprus,7.0708
2023,Cyprus,7.1881
2024,Cyprus,7.2993
2010,Czech Republic,117.4641
2011,Czech Republic,115.1781
2012,Czech Republic,111.2755
2013,Czech Republic,106.7101
2014,Czech Republic,104.2326
2015,Czech Republic,104.9897
2016,Czech Republic,106.6364
2017,Czech Republic,107.7355
2018,Czech Republic,106.3221
2019,Czech Republic,100.9975
2020,Czech Republic,91.6615
2021,Czech Republic,96.6294
2022,Czech Republic,95.0397
2023,Czech Republic,83.2322
2024,Czech Republic,75.623
2010,Côte d'Ivoire,6.2247
2011,Côte d'Ivoire,6.5232
2012,Côte d'Ivoire,8.54
2013,Côte d'Ivoire,9.6798
2014,Côte d'Ivoire,9.9032
2015,Côte d'Ivoire,9.5547
2016,Côte d'Ivoire,11.9795
2017,Côte d'Ivoire,12.0019
2018,Côte d'Ivoire,10.4152
2019,Côte d'Ivoire,10.5387
2020,Côte d'Ivoire,11.0186
2021,Côte d'Ivoire,13.6658
2022,Côte d'Ivoire,14.5043
2023,Côte d'Ivoire,14.0524
2024,Côte d'Ivoire,14.8286
2010,Democratic Republic of the Congo,2.7354
2011,Democratic Republic of the Congo,3.041
2012,Democratic Republic of the Congo,2.7973
2013,Democratic Republic of the Congo,3.9211
2014,Democratic Republic of the Congo,5.066
2015,Democratic Republic of the Congo,3.2744
2016,Democratic Republic of the Congo,2.6594
2017,Democratic Republic of the Congo,2.9202
2018,Democratic Republic of the Congo,3.7742
2019,Democratic Republic of the Congo,4.1181
2020,Democratic Republic of the Congo,4.3048
2021,Democratic Republic of the Congo,4.2922
2022,Democratic Republic of the Congo,5.8924
2023,Democratic Republic of the Congo,5.8811
2024,Democratic Republic of the Congo,5.9045
2010,Denmark,49.1897
2011,Denmark,44.2369
2012,Denmark,39.8613
2013,Denmark,41.763
2014,Denmark,37.5714
2015,Denmark,35.1106
2016,Denmark,36.9166
2017,Denmark,34.6646
2018,Denmark,34.609
2019,Denmark,30.9503
2020,Denmark,28.2997
2021,Denmark,29.6035
2022,Denmark,29.0943
2023,Denmark,28.8312
2024,Denmark,28.3692
2010,Djibouti,0.51662
2011,Djibouti,0.3151
2012,Djibouti,0.29312
2013,Djibouti,0.38082
2014,Djibouti,0.41762
2015,Djibouti,0.50492
2016,Djibouti,0.42777
2017,Djibouti,0.41374
2018,Djibouti,0.47152
2019,Djibouti,0.54022
2020,Djibouti,0.46306
2021,Djibouti,0.55762
2022,Djibouti,0.55039
2023,Djibouti,0.55756
2024,Djibouti,0.56408
2010,Dominica,0.16854
2011,Dominica,0.15022
2012,Dominica,0.16488
2013,Dominica,0.15755
2014,Dominica,0.16854
2015,Dominica,0.17587
2016,Dominica,0.17221
2017,Dominica,0.15389
2018,Dominica,0.16488
2019,Dominica,0.17221
2020,Dominica,0.15755
2021,Dominica,0.16122
2022,Dominica,0.16487
2023,Dominica,0.16454
2024,Dominica,0.17086
2010,Dominican Republic,20.4452
2011,Dominican Republic,20.9223
2012,Dominican Republic,20.9029
2013,Dominican Republic,20.8416
2014,Dominican Republic,21.2642
2015,Dominican Republic,22.9861
2016,Dominican Republic,24.1404
2017,Dominican Republic,23.4552
2018,Dominican Republic,25.2031
2019,Dominican Republic,28.4711
2020,Dominican Republic,26.2276
2021,Dominican Republic,29.3627
2022,Dominican Republic,31.2248
2023,Dominican Republic,31.8286
2024,Dominican Republic,33.1308
2010,Ecuador,36.4695
2011,Ecuador,38.4804
2012,Ecuador,37.4928
2013,Ecuador,39.6849
2014,Ecuador,43.7598
2015,Ecuador,41.2977
2016,Ecuador,39.3745
2017,Ecuador,39.1959
2018,Ecuador,38.4512
2019,Ecuador,40.0826
2020,Ecuador,32.4733
2021,Ecuador,38.185
2022,Ecuador,42.0657
2023,Ecuador,44.5996
2024,Ecuador,45.9795
2010,Egypt,202.7042
2011,Egypt,221.675
2012,Egypt,212.5245
2013,Egypt,219.0866
2014,Egypt,227.2541
2015,Egypt,226.654
2016,Egypt,245.1636
2017,Egypt,253.3639
2018,Egypt,241.9032
2019,Egypt,234.0602
2020,Egypt,246.3233
2021,Egypt,266.839
2022,Egypt,249.8987
2023,Egypt,250.2302
2024,Egypt,258.3679
2010,El Salvador,6.2868
2011,El Salvador,6.4667
2012,El Salvador,6.4364
2013,El Salvador,6.0581
2014,El Salvador,6.1202
2015,El Salvador,6.6371
2016,El Salvador,6.572
2017,El Salvador,5.9416
2018,El Salvador,6.4522
2019,El Salvador,7.6342
2020,El Salvador,6.1349
2021,El Salvador,6.9767
2022,El Salvador,7.9127
2023,El Salvador,8.6699
2024,El Salvador,8.9723
2010,Equatorial Guinea,6.3766
2011,Equatorial Guinea,6.0669
2012,Equatorial Guinea,6.875
2013,Equatorial Guinea,8.1684
2014,Equatorial Guinea,7.6413
2015,Equatorial Guinea,7.0099
2016,Equatorial Guinea,7.5377
2017,Equatorial Guinea,6.8156
2018,Equatorial Guinea,7.0344
2019,Equatorial Guinea,5.5137
2020,Equatorial Guinea,6.3895
2021,Equatorial Guinea,7.0876
2022,Equatorial Guinea,7.4968
2023,Equatorial Guinea,6.9134
2024,Equatorial Guinea,7.0104
2010,Eritrea,0.46802
2011,Eritrea,0.57782
2012,Eritrea,0.60823
2013,Eritrea,0.56951
2014,Eritrea,0.56911
2015,Eritrea,0.55748
2016,Eritrea,0.55437
2017,Eritrea,0.5534
2018,Eritrea,0.61613
2019,Eritrea,0.64458
2020,Eritrea,0.64091
2021,Eritrea,0.68164
2022,Eritrea,0.71828
2023,Eritrea,0.73103
2024,Eritrea,0.74265
2010,Estonia,18.9647
2011,Estonia,18.948
2012,Estonia,17.7614
2013,Estonia,19.6338
2014,Estonia,18.784
2015,Estonia,15.7796
2016,Estonia,17.4329
2017,Estonia,18.616
2018,Estonia,17.8007
2019,Estonia,12.2881
2020,Estonia,9.1982
2021,Estonia,10.3909
2022,Estonia,11.9662
2023,Estonia,8.7443
2024,Estonia,8.3068
2010,Ethiopia,6.3442
2011,Ethiopia,7.3548
2012,Ethiopia,7.9884
2013,Ethiopia,9.7437
2014,Ethiopia,11.5432
2015,Ethiopia,12.5636
2016,Ethiopia,14.3232
2017,Ethiopia,14.6027
2018,Ethiopia,16.1172
2019,Ethiopia,17.1771
2020,Ethiopia,16.735
2021,Ethiopia,17.9056
2022,Ethiopia,16.9597
2023,Ethiopia,17.5707
2024,Ethiopia,17.8373
2010,Faeroe Islands,0.62654
2011,Faeroe Islands,0.56426
2012,Faeroe Islands,0.59357
2013,Faeroe Islands,0.64853
2014,Faeroe Islands,0.59723
2015,Faeroe Islands,0.60822
2016,Faeroe Islands,0.62654
2017,Faeroe Islands,0.70349
2018,Faeroe Islands,0.72547
2019,Faeroe Islands,0.74013
2020,Faeroe Islands,0.75845
2021,Faeroe Islands,0.7841
2022,Faeroe Islands,0.72292
2023,Faeroe Islands,0.71366
2024,Faeroe Islands,0.72539
2010,Fiji,1.0296
2011,Fiji,0.93066
2012,Fiji,0.90867
2013,Fiji,1.0369
2014,Fiji,1.1798
2015,Fiji,1.4619
2016,Fiji,1.3447
2017,Fiji,1.4546
2018,Fiji,1.4803
2019,Fiji,1.5095
2020,Fiji,1.3702
2021,Fiji,1.0883
2022,Fiji,1.3887
2023,Fiji,1.3821
2024,Fiji,1.4453
2010,Finland,64.092
2011,Finland,56.646
2012,Finland,51.154
2013,Finland,51.719
2014,Finland,47.622
2015,Finland,44.192
2016,Finland,47.252
2017,Finland,44.657
2018,Finland,45.736
2019,Finland,42.444
2020,Finland,37.72
2021,Finland,37.82
2022,Finland,36.337
2023,Finland,31.799
2024,Finland,29.775
2010,France,377.0794
2011,France,355.1268
2012,France,358.1003
2013,France,360.0133
2014,France,327.8088
2015,France,332.131
2016,France,335.4964
2017,France,338.3681
2018,France,323.1017
2019,France,316.3208
2020,France,281.5155
2021,France,307.2719
2022,France,295.3038
2023,France,270.2627
2024,France,264.1556
2010,French Polynesia,0.92333
2011,French Polynesia,0.88302
2012,French Polynesia,0.8757
2013,French Polynesia,0.88302
2014,French Polynesia,0.85005
2015,French Polynesia,0.84638
2016,French Polynesia,0.86837
2017,French Polynesia,0.8757
2018,French Polynesia,0.87936
2019,French Polynesia,0.89035
2020,French Polynesia,0.83173
2021,French Polynesia,0.86837
2022,French Polynesia,0.88669
2023,French Polynesia,0.8825
2024,French Polynesia,0.92287
2010,Gabon,5.5283
2011,Gabon,5.4469
2012,Gabon,5.0162
2013,Gabon,5.1903
2014,Gabon,5.6635
2015,Gabon,5.7721
2016,Gabon,5.613
2017,Gabon,5.5005
2018,Gabon,5.5634
2019,Gabon,5.6073
2020,Gabon,5.6361
2021,Gabon,5.5451
2022,Gabon,5.7833
2023,Gabon,5.3209
2024,Gabon,5.3988
2010,Gambia,0.43235
2011,Gambia,0.44334
2012,Gambia,0.45067
2013,Gambia,0.42869
2014,Gambia,0.50563
2015,Gambia,0.58258
2016,Gambia,0.5899
2017,Gambia,0.59723
2018,Gambia,0.64853
2019,Gambia,0.71082
2020,Gambia,0.69982
2021,Gambia,0.72547
2022,Gambia,0.808
2023,Gambia,0.77264
2024,Gambia,0.80277
2010,Georgia,6.2899
2011,Georgia,7.8142
2012,Georgia,8.2936
2013,Georgia,8.028
2014,Georgia,9.0581
2015,Georgia,9.7906
2016,Georgia,10.0429
2017,Georgia,10.0598
2018,Georgia,9.8883
2019,Georgia,10.5171
2020,Georgia,10.378
2021,Georgia,10.7498
2022,Georgia,11.9999
2023,Georgia,11.9222
2024,Georgia,11.7843
2010,Germany,826.7047
2011,Germany,804.5416
2012,Germany,814.093
2013,Germany,831.7456
2014,Germany,792.5836
2015,Germany,800.8225
2016,Germany,797.9883
2017,Germany,784.5952
2018,Germany,758.7714
2019,Germany,708.649
2020,Germany,647.1768
2021,Germany,677.9977
2022,Germany,667.843
2023,Germany,593.766
2024,Germany,572.3192
2010,Ghana,8.9425
2011,Ghana,10.3286
2012,Ghana,12.6406
2013,Ghana,12.61
2014,Ghana,13.2566
2015,Ghana,14.5681
2016,Ghana,13.9136
2017,Ghana,12.4373
2018,Ghana,15.1897
2019,Ghana,16.4152
2020,Ghana,19.1641
2021,Ghana,20.5561
2022,Ghana,20.7452
2023,Ghana,20.1356
2024,Ghana,21.0219
2010,Greece,97.3541
2011,Greece,94.5052
2012,Greece,91.3926
2013,Greece,81.7133
2014,Greece,78.6357
2015,Greece,74.9267
2016,Greece,71.3596
2017,Greece,74.8418
2018,Greece,71.7781
2019,Greece,65.7363
2020,Greece,55.5769
2021,Greece,57.5279
2022,Greece,57.609
2023,Greece,51.9882
2024,Greece,53.3608
2010,Greenland,0.6607
2011,Greenland,0.7051
2012,Greenland,0.54702
2013,Greenland,0.5622
2014,Greenland,0.50251
2015,Greenland,0.5476
2016,Greenland,0.5092
2017,Greenland,0.5359
2018,Greenland,0.52374
2019,Greenland,0.52613
2020,Greenland,0.54951
2021,Greenland,0.54635
2022,Greenland,0.5872
2023,Greenland,0.60895
2024,Greenland,0.61896
2010,Grenada,0.25648
2011,Grenada,0.24915
2012,Grenada,0.26747
2013,Grenada,0.30045
2014,Grenada,0.24182
2015,Grenada,0.26014
2016,Grenada,0.2748
2017,Grenada,0.29312
2018,Grenada,0.30778
2019,Grenada,0.33342
2020,Grenada,0.28946
2021,Grenada,0.31144
2022,Grenada,0.34239
2023,Grenada,0.36297
2024,Grenada,0.37697
2010,Guatemala,10.8171
2011,Guatemala,10.9793
2012,Guatemala,11.3468
2013,Guatemala,12.4935
2014,Guatemala,13.4248
2015,Guatemala,15.4492
2016,Guatemala,16.5237
2017,Guatemala,16.9927
2018,Guatemala,18.3384
2019,Guatemala,19.2589
2020,Guatemala,17.1569
2021,Guatemala,19.9841
2022,Guatemala,18.9134
2023,Guatemala,19.7361
2024,Guatemala,19.8804
2010,Guinea,2.4585
2011,Guinea,2.5575
2012,Guinea,2.3926
2013,Guinea,2.0775
2014,Guinea,2.3706
2015,Guinea,2.4544
2016,Guinea,2.6998
2017,Guinea,4.8475
2018,Guinea,3.7703
2019,Guinea,4.1042
2020,Guinea,4.4302
2021,Guinea,4.0675
2022,Guinea,4.0524
2023,Guinea,3.875
2024,Guinea,4.0262
2010,Guinea-Bissau,0.10259
2011,Guinea-Bissau,0.10992
2012,Guinea-Bissau,0.11358
2013,Guinea-Bissau,0.1429
2014,Guinea-Bissau,0.1429
2015,Guinea-Bissau,0.15389
2016,Guinea-Bissau,0.16854
2017,Guinea-Bissau,0.1832
2018,Guinea-Bissau,0.19786
2019,Guinea-Bissau,0.25648
2020,Guinea-Bissau,0.31144
2021,Guinea-Bissau,0.34075
2022,Guinea-Bissau,0.34442
2023,Guinea-Bissau,0.32934
2024,Guinea-Bissau,0.34219
2010,Guyana,1.8833
2011,Guyana,1.9566
2012,Guyana,1.9566
2013,Guyana,1.9016
2014,Guyana,1.9749
2015,Guyana,1.9639
2016,Guyana,2.2092
2017,Guyana,2.1581
2018,Guyana,2.3193
2019,Guyana,2.6452
2020,Guyana,3.1003
2021,Guyana,2.9328
2022,Guyana,4.3966
2023,Guyana,4.3789
2024,Guyana,4.5103
2010,Haiti,2.1294
2011,Haiti,2.2717
2012,Haiti,2.2623
2013,Haiti,2.7032
2014,Haiti,2.6984
2015,Haiti,2.6545
2016,Haiti,2.9769
2017,Haiti,3.1335
2018,Haiti,3.401
2019,Haiti,3.1188
2020,Haiti,3.2654
2021,Haiti,3.5072
2022,Haiti,2.8703
2023,Haiti,2.8648
2024,Haiti,2.9707
2010,Honduras,8.1065
2011,Honduras,8.8567
2012,Honduras,9.1084
2013,Honduras,9.3283
2014,Honduras,9.5032
2015,Honduras,10.8978
2016,Honduras,9.9387
2017,Honduras,10.1979
2018,Honduras,9.8762
2019,Honduras,10.9625
2020,Honduras,9.9768
2021,Honduras,11.0597
2022,Honduras,11.742
2023,Honduras,12.4044
2024,Honduras,12.8548
2010,Hong Kong,40.0629
2011,Hong Kong,43.1497
2012,Hong Kong,42.7384
2013,Hong Kong,44.3105
2014,Hong Kong,45.4918
2015,Hong Kong,42.4035
2016,Hong Kong,43.3658
2017,Hong Kong,42.4312
2018,Hong Kong,42.597
2019,Hong Kong,41.8966
2020,Hong Kong,33.513
2021,Hong Kong,33.637
2022,Hong Kong,30.7638
2023,Hong Kong,32.9571
2024,Hong Kong,33.3239
2010,Hungary,51.9927
2011,Hungary,50.156
2012,Hungary,46.7202
2013,Hungary,43.4865
2014,Hungary,43.6389
2015,Hungary,46.5669
2016,Hungary,47.0391
2017,Hungary,49.4235
2018,Hungary,49.3662
2019,Hungary,49.159
2020,Hungary,47.1053
2021,Hungary,48.3263
2022,Hungary,45.2673
2023,Hungary,40.3439
2024,Hungary,40.0173
2010,Iceland,3.6266
2011,Iceland,3.5035
2012,Iceland,3.4992
2013,Iceland,3.4888
2014,Iceland,3.4453
2015,Iceland,3.541
2016,Iceland,3.4937
2017,Iceland,3.6109
2018,Iceland,3.6654
2019,Iceland,3.5526
2020,Iceland,3.3389
2021,Iceland,3.4906
2022,Iceland,3.5977
2023,Iceland,3.5082
2024,Iceland,3.803
2010,India,1678.5296
2011,India,1765.6949
2012,India,1926.9863
2013,India,1995.3372
2014,India,2148.0521
2015,India,2231.8175
2016,India,2352.5401
2017,India,2425.7219
2018,India,2595.2269
2019,India,2611.1746
2020,India,2422.732
2021,India,2675.778
2022,India,2831.1317
2023,India,3062.7564
2024,India,3193.478
2010,Indonesia,445.3701
2011,Indonesia,500.4577
2012,Indonesia,515.7696
2013,Indonesia,493.4352
2014,Indonesia,498.0288
2015,Indonesia,551.16
2016,Indonesia,547.9689
2017,Indonesia,570.9282
2018,Indonesia,607.3784
2019,Indonesia,665.0493
2020,Indonesia,623.304
2021,Indonesia,632.946
2022,Indonesia,758.0205
2023,Indonesia,762.3575
2024,Indonesia,812.2202
2010,Iran,561.4961
2011,Iran,576.3657
2012,Iran,599.2783
2013,Iran,609.9965
2014,Iran,644.2276
2015,Iran,641.9587
2016,Iran,644.6806
2017,Iran,696.4075
2018,Iran,664.5232
2019,Iran,727.2686
2020,Iran,745.5958
2021,Iran,779.5253
2022,Iran,767.1785
2023,Iran,789.6758
2024,Iran,792.6312
2010,Iraq,113.9834
2011,Iraq,123.5256
2012,Iraq,134.0395
2013,Iraq,141.7044
2014,Iraq,137.5127
2015,Iraq,142.53
2016,Iraq,153.1321
2017,Iraq,167.4723
2018,Iraq,186.1564
2019,Iraq,191.7776
2020,Iraq,172.098
2021,Iraq,193.1152
2022,Iraq,217.6439
2023,Iraq,227.9097
2024,Iraq,233.6355
2010,Ireland,41.7909
2011,Ireland,38.0544
2012,Ireland,38.2239
2013,Ireland,37.2787
2014,Ireland,36.8499
2015,Ireland,38.7154
2016,Ireland,40.369
2017,Ireland,39.0404
2018,Ireland,38.9224
2019,Ireland,37.1998
2020,Ireland,35.0526
2021,Ireland,37.4737
2022,Ireland,36.6757
2023,Ireland,33.5679
2024,Ireland,33.3106
2010,Israel,68.2869
2011,Israel,68.5947
2012,Israel,74.7812
2013,Israel,63.0953
2014,Israel,60.2788
2015,Israel,62.9356
2016,Israel,61.1644
2017,Israel,58.8491
2018,Israel,59.9859
2019,Israel,58.9502
2020,Israel,59.2854
2021,Israel,58.9501
2022,Israel,62.2673
2023,Israel,55.382
2024,Israel,52.6371
2010,Italy,435.672
2011,Italy,423.8971
2012,Italy,403.4435
2013,Italy,369.4605
2014,Italy,349.3889
2015,Italy,361.2437
2016,Italy,358.1331
2017,Italy,352.6662
2018,Italy,349.0483
2019,Italy,339.6379
2020,Italy,302.6001
2021,Italy,335.9304
2022,Italy,340.1147
2023,Italy,312.2907
2024,Italy,301.9297
2010,Jamaica,7.6773
2011,Jamaica,8.2263
2012,Jamaica,7.8872
2013,Jamaica,8.4667
2014,Jamaica,7.6755
2015,Jamaica,7.9662
2016,Jamaica,8.1341
2017,Jamaica,7.7682
2018,Jamaica,8.0607
2019,Jamaica,9.4395
2020,Jamaica,6.8658
2021,Jamaica,7.3125
2022,Jamaica,7.9076
2023,Jamaica,8.0689
2024,Jamaica,8.4018
2010,Japan,1211.0903
2011,Japan,1261.1806
2012,Japan,1302.1125
2013,Japan,1311.8756
2014,Japan,1260.2724
2015,Japan,1219.9825
2016,Japan,1199.933
2017,Japan,1184.3917
2018,Japan,1138.5498
2019,Japan,1102.063
2020,Japan,1037.2846
2021,Japan,1058.5019
2022,Japan,1029.6449
2023,Japan,986.9101
2024,Japan,961.8673
2010,Jordan,20.8383
2011,Jordan,21.4094
2012,Jordan,24.0691
2013,Jordan,24.061
2014,Jordan,26.1648
2015,Jordan,25.7994
2016,Jordan,24.9495
2017,Jordan,26.0799
2018,Jordan,25.4192
2019,Jordan,24.5698
2020,Jordan,20.6216
2021,Jordan,21.1901
2022,Jordan,22.4277
2023,Jordan,23.1193
2024,Jordan,23.2191
2010,Kazakhstan,248.0928
2011,Kazakhstan,238.157
2012,Kazakhstan,245.2629
2013,Kazakhstan,253.5327
2014,Kazakhstan,299.1373
2015,Kazakhstan,303.0523
2016,Kazakhstan,301.7388
2017,Kazakhstan,317.7204
2018,Kazakhstan,329.5721
2019,Kazakhstan,296.0396
2020,Kazakhstan,281.7892
2021,Kazakhstan,244.9037
2022,Kazakhstan,274.3456
2023,Kazakhstan,286.1749
2024,Kazakhstan,287.006
2010,Kenya,11.8568
2011,Kenya,12.2176
2012,Kenya,11.2458
2013,Kenya,12.1629
2014,Kenya,13.2144
2015,Kenya,15.2122
2016,Kenya,16.2887
2017,Kenya,16.1811
2018,Kenya,17.0029
2019,Kenya,18.1589
2020,Kenya,19.9896
2021,Kenya,20.5898
2022,Kenya,20.5444
2023,Kenya,21.1857
2024,Kenya,21.2254
2010,Kiribati,0.058624
2011,Kiribati,0.05496
2012,Kiribati,0.05496
2013,Kiribati,0.05496
2014,Kiribati,0.05496
2015,Kiribati,0.058624
2016,Kiribati,0.05496
2017,Kiribati,0.069616
2018,Kiribati,0.069616
2019,Kiribati,0.069616
2020,Kiribati,0.069616
2021,Kiribati,0.069616
2022,Kiribati,0.069616
2023,Kiribati,0.069287
2024,Kiribati,0.072456
2010,Kosovo,8.3546
2011,Kosovo,8.2944
2012,Kosovo,7.8477
2013,Kosovo,7.9657
2014,Kosovo,7.1291
2015,Kosovo,8.2906
2016,Kosovo,8.7935
2017,Kosovo,8.0227
2018,Kosovo,8.0447
2019,Kosovo,8.3859
2020,Kosovo,8.4515
2021,Kosovo,8.8158
2022,Kosovo,8.5694
2023,Kosovo,8.2202
2024,Kosovo,8.0499
2010,Kuwait,89.721
2011,Kuwait,87.1509
2012,Kuwait,101.2006
2013,Kuwait,83.0467
2014,Kuwait,74.9937
2015,Kuwait,93.3175
2016,Kuwait,104.0188
2017,Kuwait,100.0104
2018,Kuwait,102.453
2019,Kuwait,104.6542
2020,Kuwait,90.1026
2021,Kuwait,87.8689
2022,Kuwait,115.8489
2023,Kuwait,123.1687
2024,Kuwait,129.5187
2010,Kyrgyzstan,6.3557
2011,Kyrgyzstan,7.6202
2012,Kyrgyzstan,10.0867
2013,Kyrgyzstan,9.7338
2014,Kyrgyzstan,10.2364
2015,Kyrgyzstan,10.2648
2016,Kyrgyzstan,9.6217
2017,Kyrgyzstan,9.3641
2018,Kyrgyzstan,11.1749
2019,Kyrgyzstan,9.0467
2020,Kyrgyzstan,8.3485
2021,Kyrgyzstan,10.3383
2022,Kyrgyzstan,11.5129
2023,Kyrgyzstan,11.1444
2024,Kyrgyzstan,11.7702
2010,Laos,3.0008
2011,Laos,3.0968
2012,Laos,3.3284
2013,Laos,4.1983
2014,Laos,4.383
2015,Laos,9.1848
2016,Laos,16.4065
2017,Laos,19.6249
2018,Laos,20.4815
2019,Laos,18.3399
2020,Laos,18.2936
2021,Laos,21.8366
2022,Laos,22.5488
2023,Laos,24.1571
2024,Laos,24.3999
2010,Latvia,8.5545
2011,Latvia,7.8084
2012,Latvia,7.5197
2013,Latvia,7.3687
2014,Latvia,7.1722
2015,Latvia,7.2624
2016,Latvia,7.2107
2017,Latvia,7.2153
2018,Latvia,7.8432
2019,Latvia,7.6335
2020,Latvia,6.9993
2021,Latvia,7.2183
2022,Latvia,6.608
2023,Latvia,6.5899
2024,Latvia,6.4619
2010,Lebanon,19.9966
2011,Lebanon,20.2641
2012,Lebanon,22.332
2013,Lebanon,22.1637
2014,Lebanon,23.992
2015,Lebanon,25.7312
2016,Lebanon,26.4379
2017,Lebanon,27.8207
2018,Lebanon,25.8121
2019,Lebanon,25.1411
2020,Lebanon,23.694
2021,Lebanon,19.4744
2022,Lebanon,15.3607
2023,Lebanon,15.5588
2024,Lebanon,15.65
2010,Lesotho,2.2753
2011,Lesotho,2.759
2012,Lesotho,2.792
2013,Lesotho,2.1251
2014,Lesotho,2.2424
2015,Lesotho,2.0445
2016,Lesotho,2.0262
2017,Lesotho,2.2863
2018,Lesotho,2.1654
2019,Lesotho,2.1874
2020,Lesotho,1.9859
2021,Lesotho,3.0961
2022,Lesotho,2.5513
2023,Lesotho,2.4936
2024,Lesotho,2.5718
2010,Liberia,0.70927
2011,Liberia,0.8224
2012,Liberia,0.91501
2013,Liberia,0.87426
2014,Liberia,0.73353
2015,Liberia,0.69869
2016,Liberia,0.64665
2017,Liberia,0.66736
2018,Liberia,0.60863
2019,Liberia,0.93166
2020,Liberia,0.77675
2021,Liberia,0.78256
2022,Liberia,0.86377
2023,Liberia,0.834
2024,Liberia,0.85937
2010,Libya,59.1479
2011,Libya,53.5422
2012,Libya,61.6065
2013,Libya,51.3439
2014,Libya,68.3484
2015,Libya,60.8662
2016,Libya,57.3789
2017,Libya,67.0922
2018,Libya,62.6445
2019,Libya,73.7783
2020,Libya,36.1106
2021,Libya,56.3125
2022,Libya,58.974
2023,Libya,64.2191
2024,Libya,65.2601
2010,Liechtenstein,0.19078
2011,Liechtenstein,0.17673
2012,Liechtenstein,0.18526
2013,Liechtenstein,0.19249
2014,Liechtenstein,0.16119
2015,Liechtenstein,0.15967
2016,Liechtenstein,0.14965
2017,Liechtenstein,0.15548
2018,Liechtenstein,0.14257
2019,Liechtenstein,0.14866
2020,Liechtenstein,0.1416
2021,Liechtenstein,0.14559
2022,Liechtenstein,0.12834
2023,Liechtenstein,0.13122
2024,Liechtenstein,0.13162
2010,Lithuania,13.8019
2011,Lithuania,13.9596
2012,Lithuania,14.0541
2013,Lithuania,13.1482
2014,Lithuania,12.8458
2015,Lithuania,13.0452
2016,Lithuania,13.1015
2017,Lithuania,13.2774
2018,Lithuania,13.4144
2019,Lithuania,13.6473
2020,Lithuania,13.4996
2021,Lithuania,13.7781
2022,Lithuania,12.8951
2023,Lithuania,12.5074
2024,Lithuania,12.5415
2010,Luxembourg,11.1905
2011,Luxembourg,11.0895
2012,Luxembourg,10.858
2013,Luxembourg,10.3234
2014,Luxembourg,9.8069
2015,Luxembourg,9.334
2016,Luxembourg,9.0772
2017,Luxembourg,9.251
2018,Luxembourg,9.5562
2019,Luxembourg,9.75
2020,Luxembourg,8.0691
2021,Luxembourg,8.4095
2022,Luxembourg,7.2744
2023,Luxembourg,6.8407
2024,Luxembourg,7.0398
2010,Macao,1.2348
2011,Macao,1.2934
2012,Macao,1.1322
2013,Macao,0.98928
2014,Macao,1.2934
2015,Macao,1.7734
2016,Macao,1.7807
2017,Macao,1.9273
2018,Macao,1.2421
2019,Macao,1.2128
2020,Macao,1.0332
2021,Macao,1.0296
2022,Macao,1.0488
2023,Macao,1.0429
2024,Macao,1.0563
2010,Madagascar,1.8717
2011,Madagascar,2.3299
2012,Madagascar,2.6602
2013,Madagascar,3.0609
2014,Madagascar,2.971
2015,Madagascar,3.1212
2016,Madagascar,3.2568
2017,Madagascar,3.8038
2018,Madagascar,3.6045
2019,Madagascar,4.1465
2020,Madagascar,3.7881
2021,Madagascar,4.2461
2022,Madagascar,4.2096
2023,Madagascar,4.4468
2024,Madagascar,4.5284
2010,Malawi,0.97216
2011,Malawi,1.0338
2012,Malawi,1.0408
2013,Malawi,1.1202
2014,Malawi,1.0151
2015,Malawi,1.0499
2016,Malawi,1.1724
2017,Malawi,1.193
2018,Malawi,1.69
2019,Malawi,1.6954
2020,Malawi,1.868
2021,Malawi,1.6825
2022,Malawi,1.8014
2023,Malawi,1.8526
2024,Malawi,1.8815
2010,Malaysia,199.3464
2011,Malaysia,203.4528
2012,Malaysia,212.9936
2013,Malaysia,241.6711
2014,Malaysia,245.0534
2015,Malaysia,235.9418
2016,Malaysia,237.2939
2017,Malaysia,244.4571
2018,Malaysia,262.6471
2019,Malaysia,277.6729
2020,Malaysia,262.1588
2021,Malaysia,273.3322
2022,Malaysia,281.8838
2023,Malaysia,276.2967
2024,Malaysia,290.2239
2010,Maldives,0.93066
2011,Maldives,0.98562
2012,Maldives,1.1102
2013,Maldives,1.0955
2014,Maldives,1.319
2015,Maldives,1.2824
2016,Maldives,1.4326
2017,Maldives,1.5132
2018,Maldives,1.7367
2019,Maldives,1.9932
2020,Maldives,1.6781
2021,Maldives,1.9969
2022,Maldives,2.2158
2023,Maldives,2.2053
2024,Maldives,2.3062
2010,Mali,2.0885
2011,Mali,2.279
2012,Mali,2.4366
2013,Mali,2.7434
2014,Mali,3.1393
2015,Mali,3.3991
2016,Mali,4.2862
2017,Mali,4.7666
2018,Mali,5.1983
2019,Mali,5.594
2020,Mali,6.3301
2021,Mali,7.3932
2022,Mali,7.0197
2023,Mali,6.743
2024,Mali,6.9788
2010,Malta,2.6193
2011,Malta,2.6082
2012,Malta,2.7491
2013,Malta,2.4296
2014,Malta,2.4173
2015,Malta,1.6975
2016,Malta,1.3759
2017,Malta,1.5372
2018,Malta,1.5477
2019,Malta,1.6492
2020,Malta,1.6009
2021,Malta,1.6114
2022,Malta,1.7742
2023,Malta,1.768
2024,Malta,1.7288
2010,Marshall Islands,0.13557
2011,Marshall Islands,0.13557
2012,Marshall Islands,0.13557
2013,Marshall Islands,0.13923
2014,Marshall Islands,0.13923
2015,Marshall Islands,0.1429
2016,Marshall Islands,0.1429
2017,Marshall Islands,0.14656
2018,Marshall Islands,0.14656
2019,Marshall Islands,0.14656
2020,Marshall Islands,0.14656
2021,Marshall Islands,0.14656
2022,Marshall Islands,0.14842
2023,Marshall Islands,0.14772
2024,Marshall Islands,0.15448
2010,Mauritania,2.0935
2011,Mauritania,2.2266
2012,Mauritania,2.4476
2013,Mauritania,2.1689
2014,Mauritania,2.5627
2015,Mauritania,3.0025
2016,Mauritania,2.6239
2017,Mauritania,3.5811
2018,Mauritania,4.4444
2019,Mauritania,4.6133
2020,Mauritania,4.7815
2021,Mauritania,4.4997
2022,Mauritania,5.2674
2023,Mauritania,5.0369
2024,Mauritania,5.2387
2010,Mauritius,3.9132
2011,Mauritius,3.9168
2012,Mauritius,3.9644
2013,Mauritius,4.067
2014,Mauritius,4.2063
2015,Mauritius,4.2099
2016,Mauritius,4.3418
2017,Mauritius,4.5397
2018,Mauritius,4.4554
2019,Mauritius,4.525
2020,Mauritius,3.7996
2021,Mauritius,3.9681
2022,Mauritius,4.3167
2023,Mauritius,4.5876
2024,Mauritius,4.6736
2010,Mexico,456.409
2011,Mexico,483.3016
2012,Mexico,501.4923
2013,Mexico,495.4116
2014,Mexico,484.0445
2015,Mexico,479.4337
2016,Mexico,478.8277
2017,Mexico,464.4066
2018,Mexico,468.4206
2019,Mexico,468.2359
2020,Mexico,428.9368
2021,Mexico,446.8376
2022,Mexico,453.7991
2023,Mexico,458.2539
2024,Mexico,460.9876
2010,Micronesia (Federated States of),0.10259
2011,Micronesia (Federated States of),0.11725
2012,Micronesia (Federated States of),0.12824
2013,Micronesia (Federated States of),0.13557
2014,Micronesia (Federated States of),0.13923
2015,Micronesia (Federated States of),0.1429
2016,Micronesia (Federated States of),0.1429
2017,Micronesia (Federated States of),0.1429
2018,Micronesia (Federated States of),0.1429
2019,Micronesia (Federated States of),0.1429
2020,Micronesia (Federated States of),0.1429
2021,Micronesia (Federated States of),0.1429
2022,Micronesia (Federated States of),0.14472
2023,Micronesia (Federated States of),0.14404
2024,Micronesia (Federated States of),0.15063
2010,Moldova,4.8309
2011,Moldova,4.945
2012,Moldova,4.7657
2013,Moldova,4.8994
2014,Moldova,4.7552
2015,Moldova,4.7851
2016,Moldova,4.9073
2017,Moldova,5.0904
2018,Moldova,5.3512
2019,Moldova,5.3784
2020,Moldova,5.1131
2021,Moldova,5.76
2022,Moldova,5.1735
2023,Moldova,5.3293
2024,Moldova,5.3268
2010,Mongolia,13.7724
2011,Mongolia,21.3678
2012,Mongolia,34.9962
2013,Mongolia,43.478
2014,Mongolia,29.6298
2015,Mongolia,23.2786
2016,Mongolia,25.6291
2017,Mongolia,34.139
2018,Mongolia,45.3193
2019,Mongolia,47.119
2020,Mongolia,42.4775
2021,Mongolia,35.9717
2022,Mongolia,40.4432
2023,Mongolia,44.1837
2024,Mongolia,44.6939
2010,Montenegro,2.4219
2011,Montenegro,2.4072
2012,Montenegro,2.2131
2013,Montenegro,2.1508
2014,Montenegro,2.1068
2015,Montenegro,2.2387
2016,Montenegro,2.0152
2017,Montenegro,2.1031
2018,Montenegro,2.4036
2019,Montenegro,2.4769
2020,Montenegro,2.4036
2021,Montenegro,2.4109
2022,Montenegro,2.4952
2023,Montenegro,2.4068
2024,Montenegro,2.3763
2010,Montserrat,0.058624
2011,Montserrat,0.03664
2012,Montserrat,0.040304
2013,Montserrat,0.051296
2014,Montserrat,0.043968
2015,Montserrat,0.051296
2016,Montserrat,0.029312
2017,Montserrat,0.025648
2018,Montserrat,0.029312
2019,Montserrat,0.025648
2020,Montserrat,0.021984
2021,Montserrat,0.021984
2022,Montserrat,0.025648
2023,Montserrat,0.025596
2024,Montserrat,0.026579
2010,Morocco,54.3652
2011,Morocco,54.8676
2012,Morocco,56.9535
2013,Morocco,56.6064
2014,Morocco,57.1749
2015,Morocco,58.4988
2016,Morocco,58.4575
2017,Morocco,61.1038
2018,Morocco,62.3149
2019,Morocco,68.7435
2020,Morocco,64.5418
2021,Morocco,70.2753
2022,Morocco,69.7795
2023,Morocco,68.9612
2024,Morocco,69.0623
2010,Mozambique,2.6376
2011,Mozambique,3.1066
2012,Mozambique,3.0517
2013,Mozambique,3.5787
2014,Mozambique,8.1184
2015,Mozambique,6.7305
2016,Mozambique,8.5477
2017,Mozambique,6.9054
2018,Mozambique,7.0101
2019,Mozambique,7.0974
2020,Mozambique,6.3404
2021,Mozambique,7.722
2022,Mozambique,9.2957
2023,Mozambique,9.0935
2024,Mozambique,8.6126
2010,Myanmar,13.1252
2011,Myanmar,15.122
2012,Myanmar,11.8257
2013,Myanmar,12.7148
2014,Myanmar,15.8493
2015,Myanmar,21.8798
2016,Myanmar,21.1441
2017,Myanmar,23.6334
2018,Myanmar,34.0168
2019,Myanmar,33.6169
2020,Myanmar,34.5878
2021,Myanmar,29.2848
2022,Myanmar,31.6387
2023,Myanmar,31.793
2024,Myanmar,31.6034
2010,Namibia,2.7883
2011,Namibia,2.7855
2012,Namibia,3.1941
2013,Namibia,3.0037
2014,Namibia,3.0991
2015,Namibia,3.3937
2016,Namibia,3.5822
2017,Namibia,3.5896
2018,Namibia,3.635
2019,Namibia,3.7301
2020,Namibia,3.4404
2021,Namibia,3.6078
2022,Namibia,3.4138
2023,Namibia,3.4427
2024,Namibia,3.4691
2010,Nauru,0.043968
2011,Nauru,0.040304
2012,Nauru,0.040304
2013,Nauru,0.047632
2014,Nauru,0.051296
2015,Nauru,0.05496
2016,Nauru,0.051296
2017,Nauru,0.05496
2018,Nauru,0.05496
2019,Nauru,0.051296
2020,Nauru,0.05496
2021,Nauru,0.05496
2022,Nauru,0.058984
2023,Nauru,0.058705
2024,Nauru,0.06139
2010,Nepal,4.828
2011,Nepal,5.2168
2012,Nepal,5.4703
2013,Nepal,6.2178
2014,Nepal,7.5877
2015,Nepal,6.9047
2016,Nepal,10.088
2017,Nepal,12.4216
2018,Nepal,14.039
2019,Nepal,12.7505
2020,Nepal,15.6308
2021,Nepal,15.4862
2022,Nepal,17.609
2023,Nepal,18.3478
2024,Nepal,18.7761
2010,Netherlands,182.4788
2011,Netherlands,169.3461
2012,Netherlands,165.7519
2013,Netherlands,164.9254
2014,Netherlands,157.5028
2015,Netherlands,163.9581
2016,Netherlands,164.8118
2017,Netherlands,162.2957
2018,Netherlands,158.2643
2019,Netherlands,152.7271
2020,Netherlands,136.9742
2021,Netherlands,139.8857
2022,Netherlands,127.5031
2023,Netherlands,117.0164
2024,Netherlands,114.7847
2010,New Caledonia,3.6576
2011,New Caledonia,3.6944
2012,New Caledonia,3.7056
2013,New Caledonia,3.9701
2014,New Caledonia,5.0091
2015,New Caledonia,4.8769
2016,New Caledonia,5.4817
2017,New Caledonia,5.5838
2018,New Caledonia,5.913
2019,New Caledonia,5.6729
2020,New Caledonia,5.1092
2021,New Caledonia,4.5368
2022,New Caledonia,5.1156
2023,New Caledonia,5.068
2024,New Caledonia,5.2866
2010,New Zealand,34.7869
2011,New Zealand,34.2411
2012,New Zealand,35.9182
2013,New Zealand,35.2192
2014,New Zealand,35.3993
2015,New Zealand,35.8051
2016,New Zealand,34.135
2017,New Zealand,35.6613
2018,New Zealand,35.6868
2019,New Zealand,36.7106
2020,New Zealand,34.109
2021,New Zealand,34.5965
2022,New Zealand,31.9659
2023,New Zealand,31.5598
2024,New Zealand,32.4794
2010,Nicaragua,4.4531
2011,Nicaragua,4.7886
2012,Nicaragua,4.5338
2013,Nicaragua,4.5857
2014,Nicaragua,4.7198
2015,Nicaragua,5.4082
2016,Nicaragua,5.3785
2017,Nicaragua,5.4408
2018,Nicaragua,5.178
2019,Nicaragua,5.2081
2020,Nicaragua,4.641
2021,Nicaragua,5.1326
2022,Nicaragua,5.1312
2023,Nicaragua,5.4283
2024,Nicaragua,5.6303
2010,Niger,1.16
2011,Niger,1.313
2012,Niger,1.8518
2013,Niger,2.0784
2014,Niger,2.2563
2015,Niger,2.1988
2016,Niger,2.1415
2017,Niger,2.2425
2018,Niger,1.8034
2019,Niger,2.5134
2020,Niger,3.04
2021,Niger,2.5882
2022,Niger,3.2007
2023,Niger,3.1334
2024,Niger,3.17
2010,Nigeria,112.0498
2011,Nigeria,126.1155
2012,Nigeria,110.1245
2013,Nigeria,117.4008
2014,Nigeria,123.9712
2015,Nigeria,110.5246
2016,Nigeria,116.396
2017,Nigeria,112.5404
2018,Nigeria,106.7857
2019,Nigeria,127.8593
2020,Nigeria,124.8993
2021,Nigeria,147.7766
2022,Nigeria,131.4409
2023,Nigeria,129.3761
2024,Nigeria,135.824
2010,Niue,0.003664
2011,Niue,0.003664
2012,Niue,0.003664
2013,Niue,0.007328
2014,Niue,0.007328
2015,Niue,0.007328
2016,Niue,0.007328
2017,Niue,0.007328
2018,Niue,0.007328
2019,Niue,0.007328
2020,Niue,0.007328
2021,Niue,0.007328
2022,Niue,0.007328
2023,Niue,0.0072934
2024,Niue,0.007627
2010,North Korea,65.3552
2011,North Korea,47.8667
2012,North Korea,46.7547
2013,North Korea,36.1443
2014,North Korea,39.8246
2015,North Korea,31.2778
2016,North Korea,34.2364
2017,North Korea,69.7079
2018,North Korea,62.6083
2019,North Korea,69.5122
2020,North Korea,65.5767
2021,North Korea,53.9698
2022,North Korea,56.2895
2023,North Korea,62.025
2024,North Korea,62.5503
2010,North Macedonia,8.1818
2011,North Macedonia,8.8229
2012,North Macedonia,8.4565
2013,North Macedonia,7.4524
2014,North Macedonia,7.1668
2015,North Macedonia,6.7198
2016,North Macedonia,6.6062
2017,North Macedonia,7.09
2018,North Macedonia,6.6538
2019,North Macedonia,7.6246
2020,North Macedonia,6.9799
2021,North Macedonia,6.5183
2022,North Macedonia,7.3522
2023,North Macedonia,7.3384
2024,North Macedonia,6.6196
2010,Norway,45.659
2011,Norway,44.775
2012,Norway,44.258
2013,Norway,44.539
2014,Norway,44.975
2015,Norway,45.523
2016,Norway,44.708
2017,Norway,44.197
2018,Norway,44.472
2019,Norway,42.866
2020,Norway,41.275
2021,Norway,41.058
2022,Norway,40.833
2023,Norway,38.869
2024,Norway,37.183
2010,Occupied Palestinian Territory,2.0335
2011,Occupied Palestinian Territory,2.246
2012,Occupied Palestinian Territory,2.1947
2013,Occupied Palestinian Territory,2.4366
2014,Occupied Palestinian Territory,2.8359
2015,Occupied Palestinian Territory,3.0008
2016,Occupied Palestinian Territory,3.2353
2017,Occupied Palestinian Territory,3.2646
2018,Occupied Palestinian Territory,2.9568
2019,Occupied Palestinian Territory,3.2646
2020,Occupied Palestinian Territory,3.3269
2021,Occupied Palestinian Territory,3.6347
2022,Occupied Palestinian Territory,4.702
2023,Occupied Palestinian Territory,4.7554
2024,Occupied Palestinian Territory,4.78
2010,Oman,51.4292
2011,Oman,57.3051
2012,Oman,63.1049
2013,Oman,65.587
2014,Oman,66.19
2015,Oman,67.8832
2016,Oman,66.2398
2017,Oman,66.3437
2018,Oman,70.6779
2019,Oman,72.0349
2020,Oman,71.8452
2021,Oman,75.0414
2022,Oman,77.9938
2023,Oman,79.8106
2024,Oman,82.662
2010,Pakistan,147.504
2011,Pakistan,149.4883
2012,Pakistan,150.5551
2013,Pakistan,148.183
2014,Pakistan,150.8095
2015,Pakistan,144.8956
2016,Pakistan,176.741
2017,Pakistan,211.9807
2018,Pakistan,203.4997
2019,Pakistan,190.8259
2020,Pakistan,215.5096
2021,Pakistan,243.5524
2022,Pakistan,211.9697
2023,Pakistan,186.8609
2024,Pakistan,179.8004
2010,Palau,0.20885
2011,Palau,0.21251
2012,Palau,0.2235
2013,Palau,0.22717
2014,Palau,0.21984
2015,Palau,0.20152
2016,Palau,0.20885
2017,Palau,0.21618
2018,Palau,0.21251
2019,Palau,0.21618
2020,Palau,0.20885
2021,Palau,0.21251
2022,Palau,0.21724
2023,Palau,0.21621
2024,Palau,0.2261
2010,Panama,9.0597
2011,Panama,9.8994
2012,Panama,9.5403
2013,Panama,10.2736
2014,Panama,10.6886
2015,Panama,10.6521
2016,Panama,10.3338
2017,Panama,9.5679
2018,Panama,9.121
2019,Panama,12.4488
2020,Panama,6.5573
2021,Panama,10.1446
2022,Panama,11.7073
2023,Panama,13.0021
2024,Panama,12.6644
2010,Papua New Guinea,4.7147
2011,Papua New Guinea,5.2984
2012,Papua New Guinea,4.3724
2013,Papua New Guinea,4.532
2014,Papua New Guinea,6.1249
2015,Papua New Guinea,6.3163
2016,Papua New Guinea,7.0241
2017,Papua New Guinea,6.5501
2018,Papua New Guinea,7.5959
2019,Papua New Guinea,7.5827
2020,Papua New Guinea,7.9108
2021,Papua New Guinea,7.8731
2022,Papua New Guinea,8.436
2023,Papua New Guinea,8.3578
2024,Papua New Guinea,8.3454
2010,Paraguay,5.0108
2011,Paraguay,5.1915
2012,Paraguay,5.1591
2013,Paraguay,5.1691
2014,Paraguay,5.4512
2015,Paraguay,6.0455
2016,Paraguay,7.1865
2017,Paraguay,7.9395
2018,Paraguay,8.5036
2019,Paraguay,8.2684
2020,Paraguay,7.4438
2021,Paraguay,8.187
2022,Paraguay,7.5334
2023,Paraguay,7.6457
2024,Paraguay,7.9367
2010,Peru,42.5051
2011,Peru,42.3268
2012,Peru,45.5087
2013,Peru,42.7177
2014,Peru,49.388
2015,Peru,49.2041
2016,Peru,52.6977
2017,Peru,54.7264
2018,Peru,56.0136
2019,Peru,58.6683
2020,Peru,47.2367
2021,Peru,59.9619
2022,Peru,64.7848
2023,Peru,66.0648
2024,Peru,70.2467
2010,Philippines,82.2459
2011,Philippines,82.9803
2012,Philippines,87.4763
2013,Philippines,94.8254
2014,Philippines,100.0738
2015,Philippines,111.0463
2016,Philippines,120.2156
2017,Philippines,133.5756
2018,Philippines,139.8568
2019,Philippines,142.6012
2020,Philippines,131.4574
2021,Philippines,140.2695
2022,Philippines,150.963
2023,Philippines,160.9805
2024,Philippines,174.878
2010,Poland,334.0275
2011,Poland,333.4061
2012,Poland,325.7777
2013,Poland,321.7572
2014,Poland,309.4154
2015,Poland,312.5488
2016,Poland,323.3005
2017,Poland,336.5051
2018,Poland,335.7186
2019,Poland,317.4441
2020,Poland,302.1024
2021,Poland,330.6937
2022,Poland,314.892
2023,Poland,283.2435
2024,Poland,272.8618
2010,Portugal,52.8899
2011,Portugal,51.7837
2012,Portugal,49.932
2013,Portugal,48.1462
2014,Portugal,47.9423
2015,Portugal,52.233
2016,Portugal,50.3109
2017,Portugal,55.1652
2018,Portugal,51.3403
2019,Portugal,47.583
2020,Portugal,41.7381
2021,Portugal,40.2998
2022,Portugal,40.7225
2023,Portugal,37.622
2024,Portugal,35.5389
2010,Qatar,73.6512
2011,Qatar,81.8094
2012,Qatar,93.738
2013,Qatar,91.4335
2014,Qatar,91.6416
2015,Qatar,93.3104
2016,Qatar,91.3783
2017,Qatar,105.6566
2018,Qatar,102.6214
2019,Qatar,101.4296
2020,Qatar,101.3292
2021,Qatar,104.3857
2022,Qatar,109.5944
2023,Qatar,119.5444
2024,Qatar,125.8123
2010,Republic of South Sudan,1.2696
2011,Republic of South Sudan,1.2386
2012,Republic of South Sudan,1.33
2013,Republic of South Sudan,1.4436
2014,Republic of South Sudan,1.4986
2015,Republic of South Sudan,1.9126
2016,Republic of South Sudan,1.7038
2017,Republic of South Sudan,1.4546
2018,Republic of South Sudan,1.7367
2019,Republic of South Sudan,1.7697
2020,Republic of South Sudan,1.7074
2021,Republic of South Sudan,1.7404
2022,Republic of South Sudan,1.6341
2023,Republic of South Sudan,1.6663
2024,Republic of South Sudan,1.6956
2010,Romania,84.4879
2011,Romania,92.3907
2012,Romania,89.8477
2013,Romania,78.7955
2014,Romania,79.3354
2015,Romania,78.046
2016,Romania,76.5869
2017,Romania,79.4323
2018,Romania,79.8744
2019,Romania,76.6904
2020,Romania,73.9464
2021,Romania,77.5013
2022,Romania,73.186
2023,Romania,67.866
2024,Romania,68.5514
2010,Russian Federation,1633.1474
2011,Russian Federation,1684.989
2012,Russian Federation,1700.104
2013,Russian Federation,1637.547
2014,Russian Federation,1637.3113
2015,Russian Federation,1635.2436
2016,Russian Federation,1629.3283
2017,Russian Federation,1661.0122
2018,Russian Federation,1709.9097
2019,Russian Federation,1704.4586
2020,Russian Federation,1631.9017
2021,Russian Federation,1674.5243
2022,Russian Federation,1675.4608
2023,Russian Federation,1733.1346
2024,Russian Federation,1780.5244
2010,Rwanda,0.58098
2011,Rwanda,0.64336
2012,Rwanda,0.71847
2013,Rwanda,0.77885
2014,Rwanda,0.8298
2015,Rwanda,0.96678
2016,Rwanda,1.052
2017,Rwanda,1.1697
2018,Rwanda,1.3131
2019,Rwanda,1.4135
2020,Rwanda,1.3943
2021,Rwanda,1.699
2022,Rwanda,1.9572
2023,Rwanda,2.016
2024,Rwanda,2.0335
2010,Saint Helena,0.010992
2011,Saint Helena,0.010992
2012,Saint Helena,0.010992
2013,Saint Helena,0.010992
2014,Saint Helena,0.010992
2015,Saint Helena,0.010992
2016,Saint Helena,0.014656
2017,Saint Helena,0.010992
2018,Saint Helena,0.010992
2019,Saint Helena,0.014656
2020,Saint Helena,0.010992
2021,Saint Helena,0.007328
2022,Saint Helena,0.010992
2023,Saint Helena,0.01097
2024,Saint Helena,0.011391
2010,Saint Kitts and Nevis,0.21984
2011,Saint Kitts and Nevis,0.22717
2012,Saint Kitts and Nevis,0.2235
2013,Saint Kitts and Nevis,0.2235
2014,Saint Kitts and Nevis,0.22717
2015,Saint Kitts and Nevis,0.23083
2016,Saint Kitts and Nevis,0.23816
2017,Saint Kitts and Nevis,0.24182
2018,Saint Kitts and Nevis,0.24915
2019,Saint Kitts and Nevis,0.26014
2020,Saint Kitts and Nevis,0.24182
2021,Saint Kitts and Nevis,0.2345
2022,Saint Kitts and Nevis,0.25065
2023,Saint Kitts and Nevis,0.25015
2024,Saint Kitts and Nevis,0.25976
2010,Saint Lucia,0.48365
2011,Saint Lucia,0.48365
2012,Saint Lucia,0.48731
2013,Saint Lucia,0.48731
2014,Saint Lucia,0.48731
2015,Saint Lucia,0.47998
2016,Saint Lucia,0.47266
2017,Saint Lucia,0.49464
2018,Saint Lucia,0.5093
2019,Saint Lucia,0.50197
2020,Saint Lucia,0.48731
2021,Saint Lucia,0.50563
2022,Saint Lucia,0.51809
2023,Saint Lucia,0.51705
2024,Saint Lucia,0.53691
2010,Saint Pierre and Miquelon,0.062288
2011,Saint Pierre and Miquelon,0.065952
2012,Saint Pierre and Miquelon,0.065952
2013,Saint Pierre and Miquelon,0.065952
2014,Saint Pierre and Miquelon,0.065952
2015,Saint Pierre and Miquelon,0.065952
2016,Saint Pierre and Miquelon,0.065952
2017,Saint Pierre and Miquelon,0.065952
2018,Saint Pierre and Miquelon,0.058624
2019,Saint Pierre and Miquelon,0.065952
2020,Saint Pierre and Miquelon,0.062288
2021,Saint Pierre and Miquelon,0.05496
2022,Saint Pierre and Miquelon,0.053383
2023,Saint Pierre and Miquelon,0.053275
2024,Saint Pierre and Miquelon,0.055322
2010,Saint Vincent and the Grenadines,0.2235
2011,Saint Vincent and the Grenadines,0.21618
2012,Saint Vincent and the Grenadines,0.23083
2013,Saint Vincent and the Grenadines,0.21618
2014,Saint Vincent and the Grenadines,0.25648
2015,Saint Vincent and the Grenadines,0.2345
2016,Saint Vincent and the Grenadines,0.24182
2017,Saint Vincent and the Grenadines,0.21251
2018,Saint Vincent and the Grenadines,0.24182
2019,Saint Vincent and the Grenadines,0.21984
2020,Saint Vincent and the Grenadines,0.23816
2021,Saint Vincent and the Grenadines,0.2345
2022,Saint Vincent and the Grenadines,0.2467
2023,Saint Vincent and the Grenadines,0.2462
2024,Saint Vincent and the Grenadines,0.25566
2010,Samoa,0.18686
2011,Samoa,0.19053
2012,Samoa,0.19053
2013,Samoa,0.19053
2014,Samoa,0.20152
2015,Samoa,0.22717
2016,Samoa,0.23816
2017,Samoa,0.2345
2018,Samoa,0.2345
2019,Samoa,0.26014
2020,Samoa,0.2345
2021,Samoa,0.26747
2022,Samoa,0.23596
2023,Samoa,0.23484
2024,Samoa,0.24559
2010,Sao Tome and Principe,0.10626
2011,Sao Tome and Principe,0.098928
2012,Sao Tome and Principe,0.10992
2013,Sao Tome and Principe,0.10992
2014,Sao Tome and Principe,0.12824
2015,Sao Tome and Principe,0.13557
2016,Sao Tome and Principe,0.14656
2017,Sao Tome and Principe,0.13923
2018,Sao Tome and Principe,0.13923
2019,Sao Tome and Principe,0.14656
2020,Sao Tome and Principe,0.1429
2021,Sao Tome and Principe,0.1429
2022,Sao Tome and Principe,0.13557
2023,Sao Tome and Principe,0.13984
2024,Sao Tome and Principe,0.14178
2010,Saudi Arabia,555.6397
2011,Saudi Arabia,540.2358
2012,Saudi Arabia,605.7123
2013,Saudi Arabia,583.1779
2014,Saudi Arabia,585.1091
2015,Saudi Arabia,624.547
2016,Saudi Arabia,641.1742
2017,Saudi Arabia,644.4865
2018,Saudi Arabia,652.2042
2019,Saudi Arabia,708.3347
2020,Saudi Arabia,653.5647
2021,Saudi Arabia,695.3944
2022,Saudi Arabia,666.9935
2023,Saudi Arabia,677.4419
2024,Saudi Arabia,692.1335
2010,Senegal,6.8624
2011,Senegal,7.8188
2012,Senegal,7.3621
2013,Senegal,7.8527
2014,Senegal,8.7244
2015,Senegal,9.8454
2016,Senegal,10.0128
2017,Senegal,10.7572
2018,Senegal,11.3304
2019,Senegal,12.7115
2020,Senegal,10.82
2021,Senegal,12.319
2022,Senegal,14.1327
2023,Senegal,14.0819
2024,Senegal,14.0918
2010,Serbia,45.6944
2011,Serbia,48.9562
2012,Serbia,43.7635
2013,Serbia,44.5761
2014,Serbia,37.331
2015,Serbia,43.897
2016,Serbia,45.1926
2017,Serbia,45.6725
2018,Serbia,44.4781
2019,Serbia,44.4445
2020,Serbia,45.3562
2021,Serbia,43.8861
2022,Serbia,44.4624
2023,Serbia,42.9073
2024,Serbia,42.0194
2010,Seychelles,0.43968
2011,Seychelles,0.40304
2012,Seychelles,0.4177
2013,Seychelles,0.41403
2014,Seychelles,0.458
2015,Seychelles,0.4983
2016,Seychelles,0.55326
2017,Seychelles,0.57525
2018,Seychelles,0.59723
2019,Seychelles,0.5899
2020,Seychelles,0.59723
2021,Seychelles,0.61189
2022,Seychelles,0.62894
2023,Seychelles,0.64131
2024,Seychelles,0.65257
2010,Sierra Leone,0.54594
2011,Sierra Leone,0.71448
2012,Sierra Leone,0.83173
2013,Sierra Leone,1.0516
2014,Sierra Leone,1.1285
2015,Sierra Leone,1.0841
2016,Sierra Leone,1.1395
2017,Sierra Leone,1.0955
2018,Sierra Leone,1.0369
2019,Sierra Leone,1.1175
2020,Sierra Leone,1.1871
2021,Sierra Leone,1.4836
2022,Sierra Leone,1.4436
2023,Sierra Leone,1.3804
2024,Sierra Leone,1.4343
2010,Singapore,44.4
2011,Singapore,47.0
2012,Singapore,46.1
2013,Singapore,47.0
2014,Singapore,47.6
2015,Singapore,49.4
2016,Singapore,49.1
2017,Singapore,50.1
2018,Singapore,50.3
2019,Singapore,49.0
2020,Singapore,46.7
2021,Singapore,50.1
2022,Singapore,48.9339
2023,Singapore,51.0676
2024,Singapore,53.9195
2010,Slovakia,38.4644
2011,Slovakia,38.0451
2012,Slovakia,35.9614
2013,Slovakia,35.6217
2014,Slovakia,33.7082
2015,Slovakia,34.5279
2016,Slovakia,34.9776
2017,Slovakia,36.1839
2018,Slovakia,36.1841
2019,Slovakia,33.8532
2020,Slovakia,31.1762
2021,Slovakia,35.2513
2022,Slovakia,31.5895
2023,Slovakia,30.7662
2024,Slovakia,29.091
2010,Slovenia,16.4655
2011,Slovenia,16.3642
2012,Slovenia,15.7651
2013,Slovenia,15.1368
2014,Slovenia,13.5683
2015,Slovenia,13.6587
2016,Slovenia,14.468
2017,Slovenia,14.6372
2018,Slovenia,14.5634
2019,Slovenia,14.053
2020,Slovenia,12.873
2021,Slovenia,13.0762
2022,Slovenia,12.7278
2023,Slovenia,12.0122
2024,Slovenia,12.7512
2010,Solomon Islands,0.33342
2011,Solomon Islands,0.34808
2012,Solomon Islands,0.34442
2013,Solomon Islands,0.37739
2014,Solomon Islands,0.32976
2015,Solomon Islands,0.29678
2016,Solomon Islands,0.29312
2017,Solomon Islands,0.28946
2018,Solomon Islands,0.29312
2019,Solomon Islands,0.29678
2020,Solomon Islands,0.29312
2021,Solomon Islands,0.28946
2022,Solomon Islands,0.2831
2023,Solomon Islands,0.28176
2024,Solomon Islands,0.29465
2010,Somalia,0.77677
2011,Somalia,0.80974
2012,Somalia,0.83173
2013,Somalia,0.85738
2014,Somalia,0.88669
2015,Somalia,0.92333
2016,Somalia,0.9563
2017,Somalia,0.99294
2018,Somalia,1.0332
2019,Somalia,1.0699
2020,Somalia,1.1395
2021,Somalia,1.1542
2022,Somalia,1.2714
2023,Somalia,1.2964
2024,Somalia,1.3192
2010,South Africa,467.3525
2011,South Africa,474.2728
2012,South Africa,461.4384
2013,South Africa,456.188
2014,South Africa,481.6378
2015,South Africa,457.4732
2016,South Africa,457.0498
2017,South Africa,440.0103
2018,South Africa,453.766
2019,South Africa,470.7274
2020,South Africa,435.2977
2021,South Africa,439.4644
2022,South Africa,428.7822
2023,South Africa,436.6042
2024,South Africa,439.8305
2010,South Korea,594.3391
2011,South Korea,623.4428
2012,South Korea,627.943
2013,South Korea,634.5807
2014,South Korea,629.3665
2015,South Korea,634.1773
2016,South Korea,637.9141
2017,South Korea,654.5373
2018,South Korea,670.1687
2019,South Korea,646.1023
2020,South Korea,597.6343
2021,South Korea,616.075
2022,South Korea,606.8773
2023,South Korea,589.1785
2024,South Korea,583.6792
2010,Spain,282.5851
2011,Spain,283.2751
2012,Spain,277.4322
2013,Spain,252.1092
2014,Spain,253.6578
2015,Spain,270.2481
2016,Spain,259.5547
2017,Spain,273.4839
2018,Spain,268.5206
2019,Spain,250.6736
2020,Spain,211.7647
2021,Spain,228.8057
2022,Spain,234.2235
2023,Spain,215.4608
2024,Spain,220.3413
2010,Sri Lanka,12.6968
2011,Sri Lanka,14.4762
2012,Sri Lanka,15.3894
2013,Sri Lanka,14.1431
2014,Sri Lanka,17.076
2015,Sri Lanka,19.179
2016,Sri Lanka,22.3392
2017,Sri Lanka,22.168
2018,Sri Lanka,20.1368
2019,Sri Lanka,21.1056
2020,Sri Lanka,20.4124
2021,Sri Lanka,20.8231
2022,Sri Lanka,18.377
2023,Sri Lanka,19.166
2024,Sri Lanka,20.8255
2010,Sudan,15.07
2011,Sudan,14.7115
2012,Sudan,15.763
2013,Sudan,17.3743
2014,Sudan,13.0949
2015,Sudan,14.2465
2016,Sudan,19.7373
2017,Sudan,20.3062
2018,Sudan,20.516
2019,Sudan,22.007
2020,Sudan,19.7999
2021,Sudan,19.2082
2022,Sudan,17.5286
2023,Sudan,17.7155
2024,Sudan,17.7948
2010,Suriname,2.3754
2011,Suriname,2.7579
2012,Suriname,2.4938
2013,Suriname,3.1514
2014,Suriname,3.2009
2015,Suriname,2.7136
2016,Suriname,2.9135
2017,Suriname,2.4302
2018,Suriname,2.0931
2019,Suriname,2.6323
2020,Suriname,2.9218
2021,Suriname,2.647
2022,Suriname,2.8276
2023,Suriname,2.8686
2024,Suriname,2.9878
2010,Swaziland,0.99661
2011,Swaziland,0.95997
2012,Swaziland,1.1102
2013,Swaziland,1.3154
2014,Swaziland,0.76211
2015,Swaziland,0.85005
2016,Swaziland,1.0223
2017,Swaziland,0.97096
2018,Swaziland,1.0149
2019,Swaziland,1.0992
2020,Swaziland,0.98928
2021,Swaziland,0.98928
2022,Swaziland,1.0282
2023,Swaziland,1.0296
2024,Swaziland,1.0446
2010,Sweden,53.0286
2011,Sweden,49.1138
2012,Sweden,46.6069
2013,Sweden,45.1059
2014,Sweden,43.3847
2015,Sweden,43.3101
2016,Sweden,43.3084
2017,Sweden,42.3554
2018,Sweden,41.856
2019,Sweden,40.7725
2020,Sweden,36.6222
2021,Sweden,38.568
2022,Sweden,36.3422
2023,Sweden,36.7086
2024,Sweden,38.0967
2010,Switzerland,45.0337
2011,Switzerland,40.9732
2012,Switzerland,42.2422
2013,Switzerland,43.1829
2014,Switzerland,39.2442
2015,Switzerland,38.7561
2016,Switzerland,39.2248
2017,Switzerland,38.234
2018,Switzerland,36.9451
2019,Switzerland,36.8222
2020,Switzerland,34.3433
2021,Switzerland,35.9024
2022,Switzerland,32.9506
2023,Switzerland,31.9775
2024,Switzerland,32.0717
2010,Syria,62.0573
2011,Syria,59.0782
2012,Syria,46.3385
2013,Syria,34.2565
2014,Syria,34.8693
2015,Syria,31.1154
2016,Syria,29.162
2017,Syria,34.4735
2018,Syria,31.7713
2019,Syria,33.4916
2020,Syria,32.3444
2021,Syria,32.5085
2022,Syria,31.4233
2023,Syria,31.6736
2024,Syria,31.7784
2010,Taiwan,270.718
2011,Taiwan,276.771
2012,Taiwan,273.282
2013,Taiwan,274.576
2014,Taiwan,276.959
2015,Taiwan,276.264
2016,Taiwan,280.197
2017,Taiwan,285.736
2018,Taiwan,284.151
2019,Taiwan,274.704
2020,Taiwan,272.4642
2021,Taiwan,283.8209
2022,Taiwan,273.9888
2023,Taiwan,267.1268
2024,Taiwan,262.3448
2010,Tajikistan,2.5348
2011,Tajikistan,2.3424
2012,Tajikistan,2.9345
2013,Tajikistan,2.9083
2014,Tajikistan,4.6062
2015,Tajikistan,5.3066
2016,Tajikistan,6.0159
2017,Tajikistan,6.8795
2018,Tajikistan,8.0809
2019,Tajikistan,8.7142
2020,Tajikistan,9.4233
2021,Tajikistan,9.3843
2022,Tajikistan,10.5209
2023,Tajikistan,10.2643
2024,Tajikistan,10.7398
2010,Tanzania,7.1941
2011,Tanzania,8.4403
2012,Tanzania,10.3675
2013,Tanzania,11.2515
2014,Tanzania,10.9974
2015,Tanzania,12.7827
2016,Tanzania,13.5295
2017,Tanzania,13.5135
2018,Tanzania,14.2331
2019,Tanzania,16.1908
2020,Tanzania,15.9524
2021,Tanzania,17.6777
2022,Tanzania,19.7024
2023,Tanzania,20.3096
2024,Tanzania,20.0184
2010,Thailand,241.019
2011,Thailand,244.8782
2012,Thailand,262.3477
2013,Thailand,263.7535
2014,Thailand,272.4877
2015,Thailand,277.0987
2016,Thailand,284.0455
2017,Thailand,283.3476
2018,Thailand,288.3049
2019,Thailand,281.8774
2020,Thailand,271.9233
2021,Thailand,267.1418
2022,Thailand,272.5734
2023,Thailand,264.7337
2024,Thailand,267.7602
2010,Timor-Leste,0.31313
2011,Timor-Leste,0.43389
2012,Timor-Leste,0.5913
2013,Timor-Leste,0.61997
2014,Timor-Leste,0.62708
2015,Timor-Leste,0.59043
2016,Timor-Leste,0.64297
2017,Timor-Leste,0.69285
2018,Timor-Leste,0.61702
2019,Timor-Leste,0.67543
2020,Timor-Leste,0.64611
2021,Timor-Leste,0.62017
2022,Timor-Leste,0.66959
2023,Timor-Leste,0.63672
2024,Timor-Leste,0.66811
2010,Togo,2.5957
2011,Togo,2.5039
2012,Togo,2.2156
2013,Togo,1.6352
2014,Togo,1.4906
2015,Togo,1.7984
2016,Togo,2.2926
2017,Togo,1.912
2018,Togo,2.0338
2019,Togo,2.3637
2020,Togo,2.7513
2021,Togo,2.6202
2022,Togo,2.7387
2023,Togo,2.671
2024,Togo,2.7536
2010,Tonga,0.11725
2011,Tonga,0.10626
2012,Tonga,0.10626
2013,Tonga,0.10992
2014,Tonga,0.10626
2015,Tonga,0.10626
2016,Tonga,0.13923
2017,Tonga,0.1429
2018,Tonga,0.1319
2019,Tonga,0.16122
2020,Tonga,0.13923
2021,Tonga,0.13923
2022,Tonga,0.14656
2023,Tonga,0.14587
2024,Tonga,0.15254
2010,Trinidad and Tobago,47.0923
2011,Trinidad and Tobago,47.0434
2012,Trinidad and Tobago,46.1591
2013,Trinidad and Tobago,45.7993
2014,Trinidad and Tobago,46.8658
2015,Trinidad and Tobago,45.5337
2016,Trinidad and Tobago,39.8674
2017,Trinidad and Tobago,40.2969
2018,Trinidad and Tobago,40.3074
2019,Trinidad and Tobago,40.7545
2020,Trinidad and Tobago,35.0431
2021,Trinidad and Tobago,36.3888
2022,Trinidad and Tobago,37.4929
2023,Trinidad and Tobago,35.5359
2024,Trinidad and Tobago,34.5763
2010,Tunisia,27.8997
2011,Tunisia,26.4292
2012,Tunisia,28.1943
2013,Tunisia,28.7733
2014,Tunisia,29.8746
2015,Tunisia,31.3805
2016,Tunisia,30.9715
2017,Tunisia,31.6769
2018,Tunisia,31.1217
2019,Tunisia,30.5786
2020,Tunisia,28.8448
2021,Tunisia,31.5267
2022,Tunisia,30.7849
2023,Tunisia,31.7378
2024,Tunisia,32.6637
2010,Turkey,318.7103
2011,Turkey,344.2148
2012,Turkey,358.6446
2013,Turkey,350.6336
2014,Turkey,367.2716
2015,Turkey,387.7039
2016,Turkey,405.5522
2017,Turkey,430.6217
2018,Turkey,423.8183
2019,Turkey,406.5678
2020,Turkey,416.328
2021,Turkey,457.3773
2022,Turkey,443.6027
2023,Turkey,486.9446
2024,Turkey,513.0346
2010,Turkmenistan,59.1841
2011,Turkmenistan,65.1551
2012,Turkmenistan,66.9386
2013,Turkmenistan,64.3396
2014,Turkmenistan,62.7993
2015,Turkmenistan,63.0917
2016,Turkmenistan,62.0909
2017,Turkmenistan,62.9566
2018,Turkmenistan,61.3017
2019,Turkmenistan,62.2542
2020,Turkmenistan,62.905
2021,Turkmenistan,91.6936
2022,Turkmenistan,102.0628
2023,Turkmenistan,95.4208
2024,Turkmenistan,81.0056
2010,Turks and Caicos Islands,0.28213
2011,Turks and Caicos Islands,0.28213
2012,Turks and Caicos Islands,0.28213
2013,Turks and Caicos Islands,0.28579
2014,Turks and Caicos Islands,0.30778
2015,Turks and Caicos Islands,0.3151
2016,Turks and Caicos Islands,0.3261
2017,Turks and Caicos Islands,0.35174
2018,Turks and Caicos Islands,0.35907
2019,Turks and Caicos Islands,0.36274
2020,Turks and Caicos Islands,0.35907
2021,Turks and Caicos Islands,0.3664
2022,Turks and Caicos Islands,0.36557
2023,Turks and Caicos Islands,0.36483
2024,Turks and Caicos Islands,0.37884
2010,Tuvalu,0.010992
2011,Tuvalu,0.010992
2012,Tuvalu,0.010992
2013,Tuvalu,0.007328
2014,Tuvalu,0.007328
2015,Tuvalu,0.007328
2016,Tuvalu,0.007328
2017,Tuvalu,0.007328
2018,Tuvalu,0.010992
2019,Tuvalu,0.010992
2020,Tuvalu,0.010992
2021,Tuvalu,0.010992
2022,Tuvalu,0.010992
2023,Tuvalu,0.01094
2024,Tuvalu,0.01144
2010,Uganda,3.5696
2011,Uganda,3.8277
2012,Uganda,3.627
2013,Uganda,3.7545
2014,Uganda,4.0897
2015,Uganda,4.5285
2016,Uganda,4.8174
2017,Uganda,5.4062
2018,Uganda,5.5486
2019,Uganda,5.7612
2020,Uganda,5.5714
2021,Uganda,6.2323
2022,Uganda,6.1283
2023,Uganda,6.2359
2024,Uganda,6.3338
2010,Ukraine,294.3658
2011,Ukraine,308.3764
2012,Ukraine,304.4299
2013,Ukraine,297.5402
2014,Ukraine,257.7031
2015,Ukraine,223.8498
2016,Ukraine,234.1056
2017,Ukraine,223.2878
2018,Ukraine,231.9
2019,Ukraine,222.1879
2020,Ukraine,207.1007
2021,Ukraine,210.6361
2022,Ukraine,143.0399
2023,Ukraine,139.3254
2024,Ukraine,142.4979
2010,United Arab Emirates,185.8484
2011,United Arab Emirates,198.5182
2012,United Arab Emirates,208.3236
2013,United Arab Emirates,214.1881
2014,United Arab Emirates,214.5303
2015,United Arab Emirates,225.0448
2016,United Arab Emirates,227.8977
2017,United Arab Emirates,196.4928
2018,United Arab Emirates,204.1048
2019,United Arab Emirates,204.0581
2020,United Arab Emirates,215.2662
2021,United Arab Emirates,212.173
2022,United Arab Emirates,207.1034
2023,United Arab Emirates,210.4251
2024,United Arab Emirates,221.9881
2010,United Kingdom,511.9046
2011,United Kingdom,469.7133
2012,United Kingdom,487.4768
2013,United Kingdom,477.6113
2014,United Kingdom,438.8071
2015,United Kingdom,422.4608
2016,United Kingdom,399.4301
2017,United Kingdom,387.3671
2018,United Kingdom,379.7298
2019,United Kingdom,364.7533
2020,United Kingdom,326.2632
2021,United Kingdom,342.3656
2022,United Kingdom,311.118
2023,United Kingdom,307.8262
2024,United Kingdom,312.9056
2010,United States of America,5669.25
2011,United States of America,5538.9731
2012,United States of America,5331.4674
2013,United States of America,5473.4362
2014,United States of America,5531.3851
2015,United States of America,5368.4968
2016,United States of America,5245.3618
2017,United States of America,5195.4177
2018,United States of America,5361.2361
2019,United States of America,5235.9121
2020,United States of America,4689.9536
2021,United States of America,5020.111
2022,United States of America,5055.4031
2023,United States of America,4918.4067
2024,United States of America,4904.1197
2010,Uruguay,6.3218
2011,Uruguay,7.6865
2012,Uruguay,8.6046
2013,Uruguay,7.491
2014,Uruguay,6.6838
2015,Uruguay,6.7381
2016,Uruguay,6.5204
2017,Uruguay,6.151
2018,Uruguay,6.5704
2019,Uruguay,6.4085
2020,Uruguay,6.4768
2021,Uruguay,7.8292
2022,Uruguay,7.5009
2023,Uruguay,7.6269
2024,Uruguay,7.9733
2010,Uzbekistan,107.6682
2011,Uzbekistan,116.7546
2012,Uzbekistan,118.8604
2013,Uzbekistan,112.3947
2014,Uzbekistan,107.4956
2015,Uzbekistan,103.3736
2016,Uzbekistan,109.8373
2017,Uzbekistan,108.8829
2018,Uzbekistan,102.3303
2019,Uzbekistan,107.9472
2020,Uzbekistan,108.1388
2021,Uzbekistan,123.1616
2022,Uzbekistan,119.1055
2023,Uzbekistan,122.872
2024,Uzbekistan,139.2342
2010,Vanuatu,0.12458
2011,Vanuatu,0.1319
2012,Vanuatu,0.11725
2013,Vanuatu,0.10992
2014,Vanuatu,0.15755
2015,Vanuatu,0.1319
2016,Vanuatu,0.15022
2017,Vanuatu,0.13923
2018,Vanuatu,0.17587
2019,Vanuatu,0.16488
2020,Vanuatu,0.20518
2021,Vanuatu,0.21618
2022,Vanuatu,0.18935
2023,Vanuatu,0.18846
2024,Vanuatu,0.19708
2010,Venezuela,189.5817
2011,Venezuela,168.7125
2012,Venezuela,175.8451
2013,Venezuela,198.4522
2014,Venezuela,175.9916
2015,Venezuela,166.3284
2016,Venezuela,152.7334
2017,Venezuela,139.0933
2018,Venezuela,111.2396
2019,Venezuela,105.4305
2020,Venezuela,80.9012
2021,Venezuela,94.9025
2022,Venezuela,108.4235
2023,Venezuela,119.5878
2024,Venezuela,116.0424
2010,Vietnam,139.5638
2011,Vietnam,152.5639
2012,Vietnam,144.2875
2013,Vietnam,151.4594
2014,Vietnam,180.0475
2015,Vietnam,213.3913
2016,Vietnam,221.027
2017,Vietnam,227.6944
2018,Vietnam,255.4684
2019,Vietnam,339.3123
2020,Vietnam,362.5989
2021,Vietnam,314.1966
2022,Vietnam,322.6531
2023,Vietnam,347.3988
2024,Vietnam,370.9314
2010,Wallis and Futuna Islands,0.025648
2011,Wallis and Futuna Islands,0.025648
2012,Wallis and Futuna Islands,0.025648
2013,Wallis and Futuna Islands,0.025648
2014,Wallis and Futuna Islands,0.025648
2015,Wallis and Futuna Islands,0.025648
2016,Wallis and Futuna Islands,0.025648
2017,Wallis and Futuna Islands,0.025648
2018,Wallis and Futuna Islands,0.025648
2019,Wallis and Futuna Islands,0.025648
2020,Wallis and Futuna Islands,0.029312
2021,Wallis and Futuna Islands,0.029312
2022,Wallis and Futuna Islands,0.029312
2023,Wallis and Futuna Islands,0.029174
2024,Wallis and Futuna Islands,0.030508
2010,Yemen,25.8176
2011,Yemen,22.6251
2012,Yemen,20.4675
2013,Yemen,27.281
2014,Yemen,26.5922
2015,Yemen,14.1228
2016,Yemen,10.0437
2017,Yemen,9.2139
2018,Yemen,11.5039
2019,Yemen,11.7878
2020,Yemen,10.757
2021,Yemen,10.608
2022,Yemen,10.4038
2023,Yemen,10.1412
2024,Yemen,10.1231
2010,Zambia,3.1208
2011,Zambia,3.3792
2012,Zambia,4.1768
2013,Zambia,4.4265
2014,Zambia,5.2833
2015,Zambia,5.5225
2016,Zambia,5.9779
2017,Zambia,7.4589
2018,Zambia,8.6578
2019,Zambia,8.8463
2020,Zambia,9.9906
2021,Zambia,9.3498
2022,Zambia,10.9389
2023,Zambia,11.8307
2024,Zambia,12.0433
2010,Zimbabwe,8.754
2011,Zimbabwe,10.3632
2012,Zimbabwe,11.2574
2013,Zimbabwe,11.6714
2014,Zimbabwe,11.9461
2015,Zimbabwe,12.0168
2016,Zimbabwe,10.5882
2017,Zimbabwe,9.8306
2018,Zimbabwe,11.2092
2019,Zimbabwe,10.2668
2020,Zimbabwe,8.4908
2021,Zimbabwe,10.2228
2022,Zimbabwe,12.2318
2023,Zimbabwe,13.4433
2024,Zimbabwe,13.7012
